campo,n_eventos,n_eventos_fmt,percentual_raw,percentual
@timestamp,202304794,"202,304,794",100.0,100.0
@version,202304794,"202,304,794",100.0,100.0
beat_name,202304794,"202,304,794",100.0,100.0
beat_version,202304794,"202,304,794",100.0,100.0
etl_host_agent_ephemeral_uid,202304794,"202,304,794",100.0,100.0
etl_host_agent_type,202304794,"202,304,794",100.0,100.0
etl_host_agent_uid,202304794,"202,304,794",100.0,100.0
etl_pipeline,202304794,"202,304,794",100.0,100.0
event_id,202304794,"202,304,794",100.0,100.0
event_original_time,202304794,"202,304,794",100.0,100.0
host_name,202304794,"202,304,794",100.0,100.0
level,202304794,"202,304,794",100.0,100.0
log_name,202304794,"202,304,794",100.0,100.0
record_number,202304794,"202,304,794",100.0,100.0
source_name,202304794,"202,304,794",100.0,100.0
task,202304794,"202,304,794",100.0,100.0
type,202304794,"202,304,794",100.0,100.0
z_elastic_ecs,202304794,"202,304,794",100.0,100.0
etl_processed_time,202304680,"202,304,680",99.99994364938283,100.0
etl_version,202304680,"202,304,680",99.99994364938283,100.0
event_original_message,202304680,"202,304,680",99.99994364938283,100.0
provider_guid,202304122,"202,304,122",99.99966782794084,100.0
process_id,202303978,"202,303,978",99.99959664821388,100.0
thread_id,202303978,"202,303,978",99.99959664821388,100.0
opcode,202298292,"202,298,292",99.99678603760621,100.0
version,202267188,"202,267,188",99.98141121658244,99.98
process_name,202261192,"202,261,192",99.97844737184033,99.98
process_path,202261192,"202,261,192",99.97844737184033,99.98
RuleName,202259235,"202,259,235",99.97748001957878,99.98
event_recorded_time,202259171,"202,259,171",99.97744838414457,99.98
event_timezone,202259171,"202,259,171",99.97744838414457,99.98
process_guid,202258934,"202,258,934",99.97733123417729,99.98
SourceUser,200916430,"200,916,430",99.31372659414092,99.31
TargetUser,200916430,"200,916,430",99.31372659414092,99.31
target_process_guid,200916430,"200,916,430",99.31372659414092,99.31
target_process_id,200916430,"200,916,430",99.31372659414092,99.31
target_process_name,200916430,"200,916,430",99.31372659414092,99.31
target_process_path,200916430,"200,916,430",99.31372659414092,99.31
CallTrace,200916113,"200,916,113",99.31356989988087,99.31
GrantedAccess,200916113,"200,916,113",99.31356989988087,99.31
SourceThreadId,200916113,"200,916,113",99.31356989988087,99.31
meta_user_name_is_machine,1346955,"1,346,955",0.6658047856246057,0.67
user_domain,1346955,"1,346,955",0.6658047856246057,0.67
user_name,1346955,"1,346,955",0.6658047856246057,0.67
user_account,1342504,"1,342,504",0.6636046400363602,0.66
rule_technique_name,631703,"631,703",0.3122531045902946,0.31
rule_technique_id,631606,"631,606",0.3122051571353272,0.31
hash_imphash,573729,"573,729",0.2835963442369042,0.28
hash_md5,573729,"573,729",0.2835963442369042,0.28
hash_sha1,573729,"573,729",0.2835963442369042,0.28
hash_sha256,573729,"573,729",0.2835963442369042,0.28
Description,561678,"561,678",0.27763949083678163,0.28
Company,561677,"561,677",0.2776389965331222,0.28
FileVersion,561677,"561,677",0.2776389965331222,0.28
OriginalFileName,561677,"561,677",0.2776389965331222,0.28
Product,561677,"561,677",0.2776389965331222,0.28
Signature,528562,"528,562",0.26127013085018636,0.26
ImageLoaded,525326,"525,326",0.25967056420818185,0.26
SignatureStatus,525326,"525,326",0.25967056420818185,0.26
Signed,525326,"525,326",0.25967056420818185,0.26
EventType,421502,"421,502",0.20834998106866415,0.21
TargetObject,393657,"393,657",0.19458609567106946,0.19
TargetFilename,349449,"349,449",0.17273391949377137,0.17
file_creation_time,337632,"337,632",0.16689273314996184,0.17
Details,91282,"91,282",0.04512102664260146,0.05
CommandLine,36586,"36,586",0.018084593684912876,0.02
CurrentDirectory,36586,"36,586",0.018084593684912876,0.02
IntegrityLevel,36586,"36,586",0.018084593684912876,0.02
LogonGuid,36586,"36,586",0.018084593684912876,0.02
LogonId,36586,"36,586",0.018084593684912876,0.02
ParentCommandLine,36586,"36,586",0.018084593684912876,0.02
ParentUser,36586,"36,586",0.018084593684912876,0.02
TerminalSessionId,36586,"36,586",0.018084593684912876,0.02
process_parent_guid,36586,"36,586",0.018084593684912876,0.02
process_parent_id,36586,"36,586",0.018084593684912876,0.02
process_parent_name,36586,"36,586",0.018084593684912876,0.02
process_parent_path,36586,"36,586",0.018084593684912876,0.02
PipeName,27845,"27,845",0.013763885397594681,0.01
activity_id,17550,"17,550",0.0086750292234795,0.01
xml_name,11888,"11,888",0.0058762819036310135,0.01
IsExecutable,11817,"11,817",0.005841186343809529,0.01
TaskName,11332,"11,332",0.005601449068972631,0.01
keywords,9999,"9,999",0.004942542290915755,0.0
ProcessID,8670,"8,670",0.00428561272749671,0.0
Code,7332,"7,332",0.003624234431142546,0.0
HostProcess,7332,"7,332",0.003624234431142546,0.0
ProviderName,7332,"7,332",0.003624234431142546,0.0
ProviderPath,7332,"7,332",0.003624234431142546,0.0
QueryName,6436,"6,436",0.003181338352268607,0.0
QueryResults,6436,"6,436",0.003181338352268607,0.0
QueryStatus,6436,"6,436",0.003181338352268607,0.0
User,4730,"4,730",0.0023380563092340757,0.0
PossibleCause,4491,"4,491",0.0022199177346237282,0.0
ClientMachine,4455,"4,455",0.0022021228028832576,0.0
InstanceId,4036,"4,036",0.001995009569570556,0.0
Protocol,3432,"3,432",0.0016964501592582131,0.0
Flags,3417,"3,417",0.0016890356043663503,0.0
ResultCode,3413,"3,413",0.0016870583897285202,0.0
Hash,3378,"3,378",0.001669757761647507,0.0
DestinationHostname,3293,"3,293",0.0016277419505936178,0.0
DestinationIsIpv6,3293,"3,293",0.0016277419505936178,0.0
DestinationPort,3293,"3,293",0.0016277419505936178,0.0
DestinationPortName,3293,"3,293",0.0016277419505936178,0.0
Initiated,3293,"3,293",0.0016277419505936178,0.0
SourceHostname,3293,"3,293",0.0016277419505936178,0.0
SourceIsIpv6,3293,"3,293",0.0016277419505936178,0.0
SourcePort,3293,"3,293",0.0016277419505936178,0.0
SourcePortName,3293,"3,293",0.0016277419505936178,0.0
dst_ip_addr,3293,"3,293",0.0016277419505936178,0.0
dst_ip_public,3293,"3,293",0.0016277419505936178,0.0
dst_ip_rfc,3293,"3,293",0.0016277419505936178,0.0
dst_ip_type,3293,"3,293",0.0016277419505936178,0.0
dst_ip_version,3293,"3,293",0.0016277419505936178,0.0
dst_is_ipv6,3293,"3,293",0.0016277419505936178,0.0
src_ip_addr,3293,"3,293",0.0016277419505936178,0.0
src_ip_public,3293,"3,293",0.0016277419505936178,0.0
src_ip_rfc,3293,"3,293",0.0016277419505936178,0.0
src_ip_type,3293,"3,293",0.0016277419505936178,0.0
src_ip_version,3293,"3,293",0.0016277419505936178,0.0
src_is_ipv6,3293,"3,293",0.0016277419505936178,0.0
FileNameBuffer,3237,"3,237",0.0016000609456639965,0.0
FileNameLength,3237,"3,237",0.0016000609456639965,0.0
ProcessNameBuffer,3237,"3,237",0.0016000609456639965,0.0
ProcessNameLength,3237,"3,237",0.0016000609456639965,0.0
CacheState,3236,"3,236",0.001599566642004539,0.0
Hash Size,3236,"3,236",0.001599566642004539,0.0
IssuerName,3236,"3,236",0.001599566642004539,0.0
IssuerNameLength,3236,"3,236",0.001599566642004539,0.0
IssuerTBSHashSize,3236,"3,236",0.001599566642004539,0.0
NotValidAfter,3236,"3,236",0.001599566642004539,0.0
NotValidBefore,3236,"3,236",0.001599566642004539,0.0
PageHash,3236,"3,236",0.001599566642004539,0.0
PolicyBits,3236,"3,236",0.001599566642004539,0.0
PublisherName,3236,"3,236",0.001599566642004539,0.0
PublisherNameLength,3236,"3,236",0.001599566642004539,0.0
PublisherTBSHashSize,3236,"3,236",0.001599566642004539,0.0
SignatureType,3236,"3,236",0.001599566642004539,0.0
TotalSignatureCount,3236,"3,236",0.001599566642004539,0.0
ValidatedSigningLevel,3236,"3,236",0.001599566642004539,0.0
VerificationError,3236,"3,236",0.001599566642004539,0.0
TaskInstanceId,3170,"3,170",0.0015669426004803425,0.0
UserContext,3145,"3,145",0.0015545850089939046,0.0
EnginePID,3066,"3,066",0.0015155350198967604,0.0
Status,2950,"2,950",0.0014581957953996878,0.0
ActionName,2913,"2,913",0.0014399065599997596,0.0
Message,2778,"2,778",0.0013731755659729943,0.0
RequestedPolicy,2752,"2,752",0.0013603236708270986,0.0
ValidatedPolicy,2752,"2,752",0.0013603236708270986,0.0
Line Number,2743,"2,743",0.0013558749378919808,0.0
Source,2721,"2,721",0.0013450002573839155,0.0
NamespaceName,2666,"2,666",0.0013178135561137518,0.0
Processid,2666,"2,666",0.0013178135561137518,0.0
Query,2666,"2,666",0.0013178135561137518,0.0
Function,2573,"2,573",0.0012718433157842023,0.0
UserName,2322,"2,322",0.0011477730972603644,0.0
Id,2063,"2,063",0.0010197484494608665,0.0
Info,1879,"1,879",0.0009287965761206826,0.0
Operation,1872,"1,872",0.0009253364505044799,0.0
ClientProcessId,1795,"1,795",0.0008872750687262508,0.0
Component,1795,"1,795",0.0008872750687262508,0.0
Error Code,1668,"1,668",0.0008244985039751456,0.0
IssuerTBSHash,1658,"1,658",0.0008195554673805704,0.0
PublisherTBSHash,1658,"1,658",0.0008195554673805704,0.0
OperationDescription,1458,"1,458",0.000720694735489066,0.0
ProcessCommandLine,1448,"1,448",0.0007157516988944908,0.0
ProcessCommandLineLength,1448,"1,448",0.0007157516988944908,0.0
ProcessPathLength,1448,"1,448",0.0007157516988944908,0.0
ImageName,1406,"1,406",0.000694990945197275,0.0
ImageNameLength,1406,"1,406",0.000694990945197275,0.0
ProcessCreateTime,1406,"1,406",0.000694990945197275,0.0
ProcessProtection,1406,"1,406",0.000694990945197275,0.0
ProcessSectionSignatureLevel,1406,"1,406",0.000694990945197275,0.0
ProcessSignatureLevel,1406,"1,406",0.000694990945197275,0.0
ProcessStartKey,1406,"1,406",0.000694990945197275,0.0
RequiredSignatureLevel,1406,"1,406",0.000694990945197275,0.0
SignatureLevel,1406,"1,406",0.000694990945197275,0.0
TargetThreadCreateTime,1406,"1,406",0.000694990945197275,0.0
TargetThreadId,1406,"1,406",0.000694990945197275,0.0
Parameter,1397,"1,397",0.0006905422122621572,0.0
Path,1338,"1,338",0.0006613782963541635,0.0
Priority,1338,"1,338",0.0006613782963541635,0.0
ErrorCode,1157,"1,157",0.0005719093339923521,0.0
ProductId,1053,"1,053",0.00052050175340877,0.0
meta_dst_ip_geo,952,952,0.0004705770838035603,0.0
VolumeName,880,880,0.0004349872203226187,0.0
VolumeNameLength,880,880,0.0004349872203226187,0.0
VolumeCorrelationId,862,862,0.00042608975445238337,0.0
IsBootVolume,831,831,0.0004107663410092002,0.0
IsMachine,793,793,0.0003919828019498144,0.0
OperationElaspedTimeInMilliSeconds,729,729,0.000360347367744533,0.0
param2,695,695,0.0003435410433229773,0.0
CountDeleteFile,687,687,0.00033958661404731713,0.0
SecondsElapsed,687,687,0.00033958661404731713,0.0
TotalCountDeleteFile,687,687,0.00033958661404731713,0.0
TotalCountDeleteFileLogged,687,687,0.00033958661404731713,0.0
InfoDescription,674,674,0.0003331606664743694,0.0
param10,671,671,0.0003316777554959968,0.0
param3,671,671,0.0003316777554959968,0.0
param4,671,671,0.0003316777554959968,0.0
param5,671,671,0.0003316777554959968,0.0
param6,671,671,0.0003316777554959968,0.0
param7,671,671,0.0003316777554959968,0.0
param8,671,671,0.0003316777554959968,0.0
param9,671,671,0.0003316777554959968,0.0
param17,664,664,0.00032821762987979416,0.0
param19,664,664,0.00032821762987979416,0.0
param20,664,664,0.00032821762987979416,0.0
param21,664,664,0.00032821762987979416,0.0
param23,664,664,0.00032821762987979416,0.0
param16,657,657,0.0003247575042635915,0.0
CorrelationVector,651,651,0.00032179168230684637,0.0
RequestedSigningLevel,485,485,0.00023973727483689783,0.0
SecureRequired,485,485,0.00023973727483689783,0.0
logon_type,452,452,0.00022342525407479963,0.0
param11,368,368,0.00018190374668036784,0.0
param12,368,368,0.00018190374668036784,0.0
param13,368,368,0.00018190374668036784,0.0
AdapterGuid,361,361,0.00017844362106416518,0.0
MiniportName,361,361,0.00017844362106416518,0.0
PortNumber,361,361,0.00017844362106416518,0.0
LUN,349,349,0.00017251197715067494,0.0
PathID,349,349,0.00017251197715067494,0.0
TargetID,349,349,0.00017251197715067494,0.0
jobId,348,348,0.00017201767349121742,0.0
jobOwner,348,348,0.00017201767349121742,0.0
jobTitle,348,348,0.00017201767349121742,0.0
bytesTransferred,344,344,0.00017004045885338733,0.0
bytesTransferredFromPeer,344,344,0.00017004045885338733,0.0
ClassDeviceGuid,337,337,0.0001665803332371847,0.0
SerialNumber,332,332,0.00016410881493989708,0.0
param14,330,330,0.00016312020762098204,0.0
VendorId,327,327,0.00016163729664260947,0.0
NewThreadId,317,317,0.00015669426004803424,0.0
StartAddress,317,317,0.00015669426004803424,0.0
StartFunction,317,317,0.00015669426004803424,0.0
StartModule,317,317,0.00015669426004803424,0.0
Version,311,311,0.00015372843809128913,0.0
BusType,310,310,0.0001532341344318316,0.0
tags,307,307,0.00015175122345345904,0.0
SystemUptime_s,301,301,0.0001487854014967139,0.0
IsAsyncProcessing,285,285,0.00014087654294539357,0.0
IsBackgroundProcessing,285,285,0.00014087654294539357,0.0
TickCount,276,276,0.0001364278100102759,0.0
url,253,253,0.0001250588258427529,0.0
Current State,246,246,0.00012159870022655024,0.0
State Machine,246,246,0.00012159870022655024,0.0
State Machine Name,246,246,0.00012159870022655024,0.0
Thread ID,246,246,0.00012159870022655024,0.0
BootDevice,241,241,0.00011912718192926263,0.0
bytesTotal,233,233,0.00011517275265360246,0.0
fileLength,233,233,0.00011517275265360246,0.0
fileTime,233,233,0.00011517275265360246,0.0
name,233,233,0.00011517275265360246,0.0
transferId,233,233,0.00011517275265360246,0.0
fileCount,231,231,0.00011418414533468742,0.0
processId,231,231,0.00011418414533468742,0.0
ClientProcessStartKey,229,229,0.00011319553801577238,0.0
Value,221,221,0.0001092411087401122,0.0
ModifyingUser,204,204,0.00010083794652933435,0.0
DescriptionString,173,173,8.551453308615119e-05,0.0
DebugOutput,168,168,8.304301478886359e-05,0.0
Event Name,165,165,8.156010381049102e-05,0.0
ExitCode,162,162,8.007719283211845e-05,0.0
SessionTimeElapsedInMilliseconds,155,155,7.66170672159158e-05,0.0
Event,154,154,7.612276355645828e-05,0.0
SubscriberName,154,154,7.612276355645828e-05,0.0
FileLevelTrimCount,151,151,7.463985257808571e-05,0.0
VolumeTrimCount,151,151,7.463985257808571e-05,0.0
IsServiceRestart,150,150,7.414554891862819e-05,0.0
PrincipalSamName,149,149,7.365124525917067e-05,0.0
Contents,142,142,7.019111964296802e-05,0.0
Revision,140,140,6.920251232405298e-05,0.0
ServerName,135,135,6.673099402676538e-05,0.0
ServerNameLength,135,135,6.673099402676538e-05,0.0
CSEExtensionId,134,134,6.623669036730786e-05,0.0
CSEExtensionName,134,134,6.623669036730786e-05,0.0
ProductRevision,133,133,6.574238670785033e-05,0.0
ApplicationPath,131,131,6.475377938893529e-05,0.0
hc_stateid,127,127,6.277656475110521e-05,0.0
AdapterSerialNumberLength,126,126,6.228226109164769e-05,0.0
DeviceGuid,126,126,6.228226109164769e-05,0.0
DeviceSerialNumber,126,126,6.228226109164769e-05,0.0
DeviceSerialNumberLength,126,126,6.228226109164769e-05,0.0
FlushLatencyBucket1,126,126,6.228226109164769e-05,0.0
FlushLatencyBucket2,126,126,6.228226109164769e-05,0.0
FlushLatencyBucket3,126,126,6.228226109164769e-05,0.0
FlushLatencyBucket4,126,126,6.228226109164769e-05,0.0
FlushLatencyBucket5,126,126,6.228226109164769e-05,0.0
FlushLatencyBucket6,126,126,6.228226109164769e-05,0.0
FlushLatencyBucket7,126,126,6.228226109164769e-05,0.0
MaxLatencyMs,126,126,6.228226109164769e-05,0.0
ProductIdLength,126,126,6.228226109164769e-05,0.0
ProductRevisionLength,126,126,6.228226109164769e-05,0.0
ReadWriteLatencyBucket1,126,126,6.228226109164769e-05,0.0
ReadWriteLatencyBucket2,126,126,6.228226109164769e-05,0.0
ReadWriteLatencyBucket3,126,126,6.228226109164769e-05,0.0
ReadWriteLatencyBucket4,126,126,6.228226109164769e-05,0.0
ReadWriteLatencyBucket5,126,126,6.228226109164769e-05,0.0
ReadWriteLatencyBucket6,126,126,6.228226109164769e-05,0.0
ReadWriteLatencyBucket7,126,126,6.228226109164769e-05,0.0
TierIndex,126,126,6.228226109164769e-05,0.0
TrimLatencyBucket1,126,126,6.228226109164769e-05,0.0
TrimLatencyBucket2,126,126,6.228226109164769e-05,0.0
TrimLatencyBucket3,126,126,6.228226109164769e-05,0.0
TrimLatencyBucket4,126,126,6.228226109164769e-05,0.0
TrimLatencyBucket5,126,126,6.228226109164769e-05,0.0
TrimLatencyBucket6,126,126,6.228226109164769e-05,0.0
TrimLatencyBucket7,126,126,6.228226109164769e-05,0.0
VendorIdLength,126,126,6.228226109164769e-05,0.0
BucketIoFailed1,122,122,6.03050464538176e-05,0.0
BucketIoFailed10,122,122,6.03050464538176e-05,0.0
BucketIoFailed11,122,122,6.03050464538176e-05,0.0
BucketIoFailed12,122,122,6.03050464538176e-05,0.0
BucketIoFailed2,122,122,6.03050464538176e-05,0.0
BucketIoFailed3,122,122,6.03050464538176e-05,0.0
BucketIoFailed4,122,122,6.03050464538176e-05,0.0
BucketIoFailed5,122,122,6.03050464538176e-05,0.0
BucketIoFailed6,122,122,6.03050464538176e-05,0.0
BucketIoFailed7,122,122,6.03050464538176e-05,0.0
BucketIoFailed8,122,122,6.03050464538176e-05,0.0
BucketIoFailed9,122,122,6.03050464538176e-05,0.0
BucketIoLatency10_100ns,122,122,6.03050464538176e-05,0.0
BucketIoLatency11_100ns,122,122,6.03050464538176e-05,0.0
BucketIoLatency12_100ns,122,122,6.03050464538176e-05,0.0
BucketIoLatency1_100ns,122,122,6.03050464538176e-05,0.0
BucketIoLatency2_100ns,122,122,6.03050464538176e-05,0.0
BucketIoLatency3_100ns,122,122,6.03050464538176e-05,0.0
BucketIoLatency4_100ns,122,122,6.03050464538176e-05,0.0
BucketIoLatency5_100ns,122,122,6.03050464538176e-05,0.0
BucketIoLatency6_100ns,122,122,6.03050464538176e-05,0.0
BucketIoLatency7_100ns,122,122,6.03050464538176e-05,0.0
BucketIoLatency8_100ns,122,122,6.03050464538176e-05,0.0
BucketIoLatency9_100ns,122,122,6.03050464538176e-05,0.0
BucketIoSuccess1,122,122,6.03050464538176e-05,0.0
BucketIoSuccess10,122,122,6.03050464538176e-05,0.0
BucketIoSuccess11,122,122,6.03050464538176e-05,0.0
BucketIoSuccess12,122,122,6.03050464538176e-05,0.0
BucketIoSuccess2,122,122,6.03050464538176e-05,0.0
BucketIoSuccess3,122,122,6.03050464538176e-05,0.0
BucketIoSuccess4,122,122,6.03050464538176e-05,0.0
BucketIoSuccess5,122,122,6.03050464538176e-05,0.0
BucketIoSuccess6,122,122,6.03050464538176e-05,0.0
BucketIoSuccess7,122,122,6.03050464538176e-05,0.0
BucketIoSuccess8,122,122,6.03050464538176e-05,0.0
BucketIoSuccess9,122,122,6.03050464538176e-05,0.0
DeviceQueueIoBusyCount,122,122,6.03050464538176e-05,0.0
DeviceQueueIoPausedCount,122,122,6.03050464538176e-05,0.0
DeviceQueueIoPausedForUntaggedCount,122,122,6.03050464538176e-05,0.0
DeviceQueueIoUntaggedCommandOutstandingCount,122,122,6.03050464538176e-05,0.0
DeviceQueueIoWaitExceededTimeoutCount,122,122,6.03050464538176e-05,0.0
FirmwareRevision,122,122,6.03050464538176e-05,0.0
HighLatencyIoCount,122,122,6.03050464538176e-05,0.0
IoLatencyBuckets,122,122,6.03050464538176e-05,0.0
IoTimeout_s,122,122,6.03050464538176e-05,0.0
MaxDeviceQueueCount,122,122,6.03050464538176e-05,0.0
MaxDeviceQueueIoWaitDuration_100ns,122,122,6.03050464538176e-05,0.0
MaxFlushLatency_100ns,122,122,6.03050464538176e-05,0.0
MaxOutstandingCount,122,122,6.03050464538176e-05,0.0
MaxReadWriteLatency_100ns,122,122,6.03050464538176e-05,0.0
MaxUnmapLatency_100ns,122,122,6.03050464538176e-05,0.0
TotalDeviceQueueIoCount,122,122,6.03050464538176e-05,0.0
TotalDeviceQueueIoWaitDuration_100ns,122,122,6.03050464538176e-05,0.0
TotalIoCount,122,122,6.03050464538176e-05,0.0
TotalReadBytes,122,122,6.03050464538176e-05,0.0
TotalWriteBytes,122,122,6.03050464538176e-05,0.0
LastRunDateTime,121,121,5.9810742794360076e-05,0.0
WinlogonReturnTimeElapsedInMilliseconds,118,118,5.8327831815987515e-05,0.0
AdditionalInfoHr,117,117,5.783352815652999e-05,0.0
PeerContextInfo,117,117,5.783352815652999e-05,0.0
bandwidthLimit,117,117,5.783352815652999e-05,0.0
hr,117,117,5.783352815652999e-05,0.0
ignoreBandwidthLimitsOnLan,117,117,5.783352815652999e-05,0.0
peerProtocolFlags,117,117,5.783352815652999e-05,0.0
SessionId,115,115,5.6844920837614954e-05,0.0
file_previous_creation_time,115,115,5.6844920837614954e-05,0.0
Configuration,114,114,5.635061717815743e-05,0.0
LocalName,114,114,5.635061717815743e-05,0.0
PolicyApplicationMode,114,114,5.635061717815743e-05,0.0
Reason,114,114,5.635061717815743e-05,0.0
RemoteName,114,114,5.635061717815743e-05,0.0
TimeProviders,114,114,5.635061717815743e-05,0.0
Command,111,111,5.486770619978486e-05,0.0
DCName,111,111,5.486770619978486e-05,0.0
DirectoryFlushAvgLatencyNs,108,108,5.33847952214123e-05,0.0
DirectoryFlushCount,108,108,5.33847952214123e-05,0.0
ExtentsBucketsCount,108,108,5.33847952214123e-05,0.0
FileFlushAvgLatencyNs,108,108,5.33847952214123e-05,0.0
FileFlushCount,108,108,5.33847952214123e-05,0.0
FileLevelTrimAvgLatencyNs,108,108,5.33847952214123e-05,0.0
FileLevelTrimExtentsCount,108,108,5.33847952214123e-05,0.0
FileLevelTrimTotalBytes,108,108,5.33847952214123e-05,0.0
HighIoLatencyCount,108,108,5.33847952214123e-05,0.0
IntervalDurationUs,108,108,5.33847952214123e-05,0.0
IoBucketsCount,108,108,5.33847952214123e-05,0.0
IoCount,108,108,5.33847952214123e-05,0.0
IoTypeIndex,108,108,5.33847952214123e-05,0.0
ModifyingApplication,108,108,5.33847952214123e-05,0.0
NCReadAvgLatencyNs,108,108,5.33847952214123e-05,0.0
NCReadIOCount,108,108,5.33847952214123e-05,0.0
NCReadTotalBytes,108,108,5.33847952214123e-05,0.0
NCWriteAvgLatencyNs,108,108,5.33847952214123e-05,0.0
NCWriteIOCount,108,108,5.33847952214123e-05,0.0
NCWriteTotalBytes,108,108,5.33847952214123e-05,0.0
TotalBytes,108,108,5.33847952214123e-05,0.0
TotalBytesBucketsCount,108,108,5.33847952214123e-05,0.0
TotalLatencyUs,108,108,5.33847952214123e-05,0.0
VcbExAcquireCount,108,108,5.33847952214123e-05,0.0
VcbExAvgCombinedDurationMs,108,108,5.33847952214123e-05,0.0
VcbExAvgHoldDurationMs,108,108,5.33847952214123e-05,0.0
VcbExAvgWaitDurationMs,108,108,5.33847952214123e-05,0.0
VcbExMaxCombinedDurationMs,108,108,5.33847952214123e-05,0.0
VcbExMaxHoldDurationMs,108,108,5.33847952214123e-05,0.0
VcbExMaxWaitDurationMs,108,108,5.33847952214123e-05,0.0
VolumeFlushAvgLatencyNs,108,108,5.33847952214123e-05,0.0
VolumeFlushCount,108,108,5.33847952214123e-05,0.0
VolumeTrimAvgLatencyNs,108,108,5.33847952214123e-05,0.0
VolumeTrimExtentsCount,108,108,5.33847952214123e-05,0.0
VolumeTrimTotalBytes,108,108,5.33847952214123e-05,0.0
GPOInfoList,106,106,5.239618790249726e-05,0.0
ReasonCode,105,105,5.1901884243039734e-05,0.0
NotificationType,102,102,5.041897326466717e-05,0.0
AuthRequired,101,101,4.992466960520965e-05,0.0
Created,101,101,4.992466960520965e-05,0.0
Expires,101,101,4.992466960520965e-05,0.0
HasAuthUrl,101,101,4.992466960520965e-05,0.0
HasEndAuthUrl,101,101,4.992466960520965e-05,0.0
HasFlowUrl,101,101,4.992466960520965e-05,0.0
RequestStatus,101,101,4.992466960520965e-05,0.0
ResourceURI,101,101,4.992466960520965e-05,0.0
TokenType,101,101,4.992466960520965e-05,0.0
CurrentUtcOffset,98,98,4.844175862683709e-05,0.0
Enabled,98,98,4.844175862683709e-05,0.0
LeapSecondCount,98,98,4.844175862683709e-05,0.0
RuntimeStateAndSettingsConsistent,98,98,4.844175862683709e-05,0.0
param1,96,96,4.7453151307922044e-05,0.0
Port,93,93,4.597024032954948e-05,0.0
Error,92,92,4.547593667009196e-05,0.0
IsMachineBoot,92,92,4.547593667009196e-05,0.0
Name,89,89,4.39930256917194e-05,0.0
AdapterSerialNumber,88,88,4.3498722032261877e-05,0.0
AdditionalInformation,88,88,4.3498722032261877e-05,0.0
Build Name,88,88,4.3498722032261877e-05,0.0
Module Name,88,88,4.3498722032261877e-05,0.0
Process Name,88,88,4.3498722032261877e-05,0.0
GpsvcInitTimeElapsedInMilliseconds,86,86,4.251011471334683e-05,0.0
OperationParameter1,86,86,4.251011471334683e-05,0.0
IPVersion,81,81,4.0038596416059225e-05,0.0
JoinType,81,81,4.0038596416059225e-05,0.0
New State,81,81,4.0038596416059225e-05,0.0
TenantType,81,81,4.0038596416059225e-05,0.0
AddressLength,76,76,3.756707811877162e-05,0.0
ConnectionType,74,74,3.657847079985658e-05,0.0
InstanceName,74,74,3.657847079985658e-05,0.0
InstanceNameLength,74,74,3.657847079985658e-05,0.0
LocalAddress,73,73,3.608416714039906e-05,0.0
Origin,73,73,3.608416714039906e-05,0.0
RemoteAddress,73,73,3.608416714039906e-05,0.0
Type,72,72,3.5589863480941535e-05,0.0
FreeFallLength,70,70,3.460125616202649e-05,0.0
General,70,70,3.460125616202649e-05,0.0
GeneralErrors,70,70,3.460125616202649e-05,0.0
GeneralErrorsLength,70,70,3.460125616202649e-05,0.0
GeneralLength,70,70,3.460125616202649e-05,0.0
RotatingMediaLength,70,70,3.460125616202649e-05,0.0
SmartAttributes,70,70,3.460125616202649e-05,0.0
SmartAttributesLength,70,70,3.460125616202649e-05,0.0
SmartReturnStatus,70,70,3.460125616202649e-05,0.0
SolidStateDeviceLength,70,70,3.460125616202649e-05,0.0
Temperature,70,70,3.460125616202649e-05,0.0
TemperatureLength,70,70,3.460125616202649e-05,0.0
Transport,70,70,3.460125616202649e-05,0.0
TransportLength,70,70,3.460125616202649e-05,0.0
SolidStateDevice,69,69,3.4106952502568974e-05,0.0
File,68,68,3.361264884311145e-05,0.0
QueuedTaskInstanceId,68,68,3.361264884311145e-05,0.0
ApplicableGPOList,67,67,3.311834518365393e-05,0.0
CSEElaspedTimeInMilliSeconds,67,67,3.311834518365393e-05,0.0
GPOListStatusString,67,67,3.311834518365393e-05,0.0
IsExtensionAsyncProcessing,67,67,3.311834518365393e-05,0.0
IsGPOListChanged,67,67,3.311834518365393e-05,0.0
RuleId,66,66,3.2624041524196406e-05,0.0
Length,65,65,3.212973786473888e-05,0.0
RawData,65,65,3.212973786473888e-05,0.0
DeviceClass,60,60,2.965821956745128e-05,0.0
DeviceName,60,60,2.965821956745128e-05,0.0
FlagSource,60,60,2.965821956745128e-05,0.0
SchemaVersion,59,59,2.9163915907993757e-05,0.0
Action,58,58,2.8669612248536235e-05,0.0
Active,58,58,2.8669612248536235e-05,0.0
Direction,58,58,2.8669612248536235e-05,0.0
EdgeTraversal,58,58,2.8669612248536235e-05,0.0
IsDomainJoined,58,58,2.8669612248536235e-05,0.0
LocalAddresses,58,58,2.8669612248536235e-05,0.0
LocalOnlyMapped,58,58,2.8669612248536235e-05,0.0
LooseSourceMapped,58,58,2.8669612248536235e-05,0.0
PolicyActivityId,58,58,2.8669612248536235e-05,0.0
Profiles,58,58,2.8669612248536235e-05,0.0
ReasonForSyncProcessing,58,58,2.8669612248536235e-05,0.0
RemoteAddresses,58,58,2.8669612248536235e-05,0.0
RuleStatus,58,58,2.8669612248536235e-05,0.0
SecurityOptions,58,58,2.8669612248536235e-05,0.0
IsConnectivityFailure,57,57,2.8175308589078716e-05,0.0
PolicyElaspedTimeInSeconds,57,57,2.8175308589078716e-05,0.0
Product Name,57,57,2.8175308589078716e-05,0.0
BandwidthInkbps,56,56,2.7681004929621193e-05,0.0
IsSlowLink,56,56,2.7681004929621193e-05,0.0
LinkDescription,56,56,2.7681004929621193e-05,0.0
LocalPorts,56,56,2.7681004929621193e-05,0.0
NetworkBandwidthInKbps,56,56,2.7681004929621193e-05,0.0
RemotePorts,56,56,2.7681004929621193e-05,0.0
ThresholdInkbps,56,56,2.7681004929621193e-05,0.0
DCDiscoveryTimeInMilliSeconds,55,55,2.718670127016367e-05,0.0
DCDomainName,55,55,2.718670127016367e-05,0.0
DCIPAddress,55,55,2.718670127016367e-05,0.0
MachineRole,55,55,2.718670127016367e-05,0.0
NameLength,55,55,2.718670127016367e-05,0.0
PolicyProcessingMode,55,55,2.718670127016367e-05,0.0
PrincipalCNName,55,55,2.718670127016367e-05,0.0
PrincipalDomainName,55,55,2.718670127016367e-05,0.0
GPODownloadTimeElapsedInMilliseconds,54,54,2.669239761070615e-05,0.0
NumberOfGPOsApplicable,54,54,2.669239761070615e-05,0.0
NumberOfGPOsDownloaded,54,54,2.669239761070615e-05,0.0
PolicyDownloadTimeElapsedInMilliseconds,54,54,2.669239761070615e-05,0.0
TrimExtentsCount,53,53,2.619809395124863e-05,0.0
KeyName,46,46,2.273796833504598e-05,0.0
AvgFileLevelTrimSize,43,43,2.1255057356673416e-05,0.0
AvgFileLevelTrimTime,43,43,2.1255057356673416e-05,0.0
AvgVolumeTrimSize,43,43,2.1255057356673416e-05,0.0
AvgVolumeTrimTime,43,43,2.1255057356673416e-05,0.0
BitmapReadBytes,43,43,2.1255057356673416e-05,0.0
BitmapReads,43,43,2.1255057356673416e-05,0.0
BitmapWriteBytes,43,43,2.1255057356673416e-05,0.0
BitmapWrites,43,43,2.1255057356673416e-05,0.0
DiskResourceFailure,43,43,2.1255057356673416e-05,0.0
FileLevelTrimSize,43,43,2.1255057356673416e-05,0.0
FileLevelTrimTime,43,43,2.1255057356673416e-05,0.0
LogFileFull,43,43,2.1255057356673416e-05,0.0
LogFileFullReasonBucket1,43,43,2.1255057356673416e-05,0.0
LogFileFullReasonBucket10,43,43,2.1255057356673416e-05,0.0
LogFileFullReasonBucket11,43,43,2.1255057356673416e-05,0.0
LogFileFullReasonBucket12,43,43,2.1255057356673416e-05,0.0
LogFileFullReasonBucket13,43,43,2.1255057356673416e-05,0.0
LogFileFullReasonBucket14,43,43,2.1255057356673416e-05,0.0
LogFileFullReasonBucket15,43,43,2.1255057356673416e-05,0.0
LogFileFullReasonBucket2,43,43,2.1255057356673416e-05,0.0
LogFileFullReasonBucket3,43,43,2.1255057356673416e-05,0.0
LogFileFullReasonBucket4,43,43,2.1255057356673416e-05,0.0
LogFileFullReasonBucket5,43,43,2.1255057356673416e-05,0.0
LogFileFullReasonBucket6,43,43,2.1255057356673416e-05,0.0
LogFileFullReasonBucket7,43,43,2.1255057356673416e-05,0.0
LogFileFullReasonBucket8,43,43,2.1255057356673416e-05,0.0
LogFileFullReasonBucket9,43,43,2.1255057356673416e-05,0.0
LogFileReadBytes,43,43,2.1255057356673416e-05,0.0
LogFileReads,43,43,2.1255057356673416e-05,0.0
LogFileWriteBytes,43,43,2.1255057356673416e-05,0.0
LogFileWrites,43,43,2.1255057356673416e-05,0.0
MetaDataDiskReads,43,43,2.1255057356673416e-05,0.0
MetaDataDiskWrites,43,43,2.1255057356673416e-05,0.0
MetaDataReadBytes,43,43,2.1255057356673416e-05,0.0
MetaDataReads,43,43,2.1255057356673416e-05,0.0
MetaDataWriteBytes,43,43,2.1255057356673416e-05,0.0
MetaDataWrites,43,43,2.1255057356673416e-05,0.0
Mft2WriteBytes,43,43,2.1255057356673416e-05,0.0
Mft2Writes,43,43,2.1255057356673416e-05,0.0
MftBitmapReadBytes,43,43,2.1255057356673416e-05,0.0
MftBitmapReads,43,43,2.1255057356673416e-05,0.0
MftBitmapWriteBytes,43,43,2.1255057356673416e-05,0.0
MftBitmapWrites,43,43,2.1255057356673416e-05,0.0
MftReadBytes,43,43,2.1255057356673416e-05,0.0
MftReads,43,43,2.1255057356673416e-05,0.0
MftWriteBytes,43,43,2.1255057356673416e-05,0.0
MftWrites,43,43,2.1255057356673416e-05,0.0
NtfsFillStatInfoFromMftRecordBailedBecauseOfAttributeListCount,43,43,2.1255057356673416e-05,0.0
NtfsFillStatInfoFromMftRecordBailedBecauseOfNonResReparsePointCount,43,43,2.1255057356673416e-05,0.0
NtfsFillStatInfoFromMftRecordCalledCount,43,43,2.1255057356673416e-05,0.0
RootIndexReadBytes,43,43,2.1255057356673416e-05,0.0
RootIndexReads,43,43,2.1255057356673416e-05,0.0
RootIndexWriteBytes,43,43,2.1255057356673416e-05,0.0
RootIndexWrites,43,43,2.1255057356673416e-05,0.0
UserDiskReads,43,43,2.1255057356673416e-05,0.0
UserDiskWrites,43,43,2.1255057356673416e-05,0.0
UserFileReadBytes,43,43,2.1255057356673416e-05,0.0
UserFileReads,43,43,2.1255057356673416e-05,0.0
UserFileWriteBytes,43,43,2.1255057356673416e-05,0.0
UserFileWrites,43,43,2.1255057356673416e-05,0.0
UserIndexReadBytes,43,43,2.1255057356673416e-05,0.0
UserIndexReads,43,43,2.1255057356673416e-05,0.0
UserIndexWriteBytes,43,43,2.1255057356673416e-05,0.0
UserIndexWrites,43,43,2.1255057356673416e-05,0.0
VolumeTrimSize,43,43,2.1255057356673416e-05,0.0
VolumeTrimSkippedCount,43,43,2.1255057356673416e-05,0.0
VolumeTrimSkippedSize,43,43,2.1255057356673416e-05,0.0
VolumeTrimTime,43,43,2.1255057356673416e-05,0.0
CallingProcessCreateTime,42,42,2.0760753697215896e-05,0.0
CallingProcessId,42,42,2.0760753697215896e-05,0.0
CallingProcessProtection,42,42,2.0760753697215896e-05,0.0
CallingProcessSectionSignatureLevel,42,42,2.0760753697215896e-05,0.0
CallingProcessSignatureLevel,42,42,2.0760753697215896e-05,0.0
CallingProcessStartKey,42,42,2.0760753697215896e-05,0.0
CallingThreadCreateTime,42,42,2.0760753697215896e-05,0.0
CallingThreadId,42,42,2.0760753697215896e-05,0.0
ErrorMessage,42,42,2.0760753697215896e-05,0.0
PolicyChange,42,42,2.0760753697215896e-05,0.0
Store Type,42,42,2.0760753697215896e-05,0.0
PID,41,41,2.0266450037758374e-05,0.0
rule_technique,41,41,2.0266450037758374e-05,0.0
NetworkName,39,39,1.9277842718843332e-05,0.0
RegName,37,37,1.828923539992829e-05,0.0
RegValue,37,37,1.828923539992829e-05,0.0
LineNumber,36,36,1.7794931740470767e-05,0.0
Owner,35,35,1.7300628081013245e-05,0.0
ScriptType,34,34,1.6806324421555726e-05,0.0
Key,32,32,1.581771710264068e-05,0.0
Product Version,31,31,1.532341344318316e-05,0.0
CONSUMER,30,30,1.482910978372564e-05,0.0
ESS,30,30,1.482910978372564e-05,0.0
Namespace,30,30,1.482910978372564e-05,0.0
AddSense,29,29,1.4334806124268117e-05,0.0
AddSenseQ,29,29,1.4334806124268117e-05,0.0
IfIndex,29,29,1.4334806124268117e-05,0.0
IoSize,29,29,1.4334806124268117e-05,0.0
LBA,29,29,1.4334806124268117e-05,0.0
QueueDepth,29,29,1.4334806124268117e-05,0.0
RequestDuration_ms,29,29,1.4334806124268117e-05,0.0
ScsiStatus,29,29,1.4334806124268117e-05,0.0
SenseKey,29,29,1.4334806124268117e-05,0.0
SrbStatus,29,29,1.4334806124268117e-05,0.0
WaitDuration_ms,29,29,1.4334806124268117e-05,0.0
AllNtpServers,27,27,1.3346198805353076e-05,0.0
InterfaceGuid,27,27,1.3346198805353076e-05,0.0
InterfaceName,27,27,1.3346198805353076e-05,0.0
NewProfile,27,27,1.3346198805353076e-05,0.0
OldProfile,27,27,1.3346198805353076e-05,0.0
DomainNameLength,26,26,1.2851895145895555e-05,0.0
Engine version,26,26,1.2851895145895555e-05,0.0
HierarchicalResetSuccessCount,26,26,1.2851895145895555e-05,0.0
LastError_AddSense,26,26,1.2851895145895555e-05,0.0
LastError_AddSenseQ,26,26,1.2851895145895555e-05,0.0
LastError_Command,26,26,1.2851895145895555e-05,0.0
LastError_IoSize,26,26,1.2851895145895555e-05,0.0
LastError_LBA,26,26,1.2851895145895555e-05,0.0
LastError_QueueDepth,26,26,1.2851895145895555e-05,0.0
LastError_RequestDuration_ms,26,26,1.2851895145895555e-05,0.0
LastError_ScsiStatus,26,26,1.2851895145895555e-05,0.0
LastError_SenseKey,26,26,1.2851895145895555e-05,0.0
LastError_SrbStatus,26,26,1.2851895145895555e-05,0.0
LastError_WaitDuration_ms,26,26,1.2851895145895555e-05,0.0
Platform version,26,26,1.2851895145895555e-05,0.0
SampledErrorLogArrayLength,26,26,1.2851895145895555e-05,0.0
TimeoutsInMiniport,26,26,1.2851895145895555e-05,0.0
TotalDeviceFailureErrors,26,26,1.2851895145895555e-05,0.0
TotalErrors,26,26,1.2851895145895555e-05,0.0
TotalImpendingDeviceFailureErrors,26,26,1.2851895145895555e-05,0.0
TotalReadWriteErrors,26,26,1.2851895145895555e-05,0.0
TransportName,26,26,1.2851895145895555e-05,0.0
TransportNameLength,26,26,1.2851895145895555e-05,0.0
UniqueErrorLogArray,26,26,1.2851895145895555e-05,0.0
UniqueErrorLogArrayLength,26,26,1.2851895145895555e-05,0.0
DomainName,22,22,1.0874680508065469e-05,0.0
DriverName,22,22,1.0874680508065469e-05,0.0
TransportFlags,22,22,1.0874680508065469e-05,0.0
ClockRate,21,21,1.0380376848607948e-05,0.0
AppID,20,20,9.886073189150426e-06,0.0
StatusCode,20,20,9.886073189150426e-06,0.0
job,20,20,9.886073189150426e-06,0.0
scheme,20,20,9.886073189150426e-06,0.0
server,20,20,9.886073189150426e-06,0.0
Domain,19,19,9.391769529692905e-06,0.0
SID,19,19,9.391769529692905e-06,0.0
SessionID,19,19,9.391769529692905e-06,0.0
CustomLevel,18,18,8.897465870235384e-06,0.0
HighestFreeSpaceInBytes,18,18,8.897465870235384e-06,0.0
LicenseId,18,18,8.897465870235384e-06,0.0
LowestFreeSpaceInBytes,18,18,8.897465870235384e-06,0.0
PackageName,18,18,8.897465870235384e-06,0.0
RunningTaskInstanceId,18,18,8.897465870235384e-06,0.0
VolumeGuid,18,18,8.897465870235384e-06,0.0
DeviceInstanceId,17,17,8.403162210777863e-06,0.0
IsScriptHidden,17,17,8.403162210777863e-06,0.0
IsScriptMinimized,17,17,8.403162210777863e-06,0.0
IsScriptSync,17,17,8.403162210777863e-06,0.0
ScriptElaspedTimeInSeconds,17,17,8.403162210777863e-06,0.0
IFTSTMP,16,16,7.90885855132034e-06,0.0
LocalPath,16,16,7.90885855132034e-06,0.0
ProfileType,16,16,7.90885855132034e-06,0.0
SaveToCacheTimeElapsedInMilliseconds,16,16,7.90885855132034e-06,0.0
ChosenReferenceNtpServer,15,15,7.41455489186282e-06,0.0
LastSuccessfulSyncTime,15,15,7.41455489186282e-06,0.0
LastSyncError,15,15,7.41455489186282e-06,0.0
LeapIndicator,15,15,7.41455489186282e-06,0.0
PhaseOffset,15,15,7.41455489186282e-06,0.0
PollInterval,15,15,7.41455489186282e-06,0.0
Precision,15,15,7.41455489186282e-06,0.0
ReferenceId,15,15,7.41455489186282e-06,0.0
RootDelay,15,15,7.41455489186282e-06,0.0
RootDispersion,15,15,7.41455489186282e-06,0.0
ServerRole,15,15,7.41455489186282e-06,0.0
SettingType,15,15,7.41455489186282e-06,0.0
SettingValue,15,15,7.41455489186282e-06,0.0
SettingValueDisplay,15,15,7.41455489186282e-06,0.0
SettingValueSize,15,15,7.41455489186282e-06,0.0
StateMachine,15,15,7.41455489186282e-06,0.0
Stratum,15,15,7.41455489186282e-06,0.0
TimeSinceLastGoodSync,15,15,7.41455489186282e-06,0.0
TimeSourceFlags,15,15,7.41455489186282e-06,0.0
operationName,15,15,7.41455489186282e-06,0.0
AdjustmentPPM,14,14,6.920251232405298e-06,0.0
EmbeddedContext,14,14,6.920251232405298e-06,0.0
MinReportedAdjustmentPPM,14,14,6.920251232405298e-06,0.0
NewClockRate,14,14,6.920251232405298e-06,0.0
OldClockRate,14,14,6.920251232405298e-06,0.0
AS security intelligence creation time,13,13,6.425947572947777e-06,0.0
AS security intelligence version,13,13,6.425947572947777e-06,0.0
AV security intelligence creation time,13,13,6.425947572947777e-06,0.0
AV security intelligence version,13,13,6.425947572947777e-06,0.0
BM state,13,13,6.425947572947777e-06,0.0
CriticalWarning,13,13,6.425947572947777e-06,0.0
DeviceNumber,13,13,6.425947572947777e-06,0.0
DriveId,13,13,6.425947572947777e-06,0.0
DriveManufacturer,13,13,6.425947572947777e-06,0.0
DriveModel,13,13,6.425947572947777e-06,0.0
DriveSerial,13,13,6.425947572947777e-06,0.0
Engine up-to-date,13,13,6.425947572947777e-06,0.0
IOAV state,13,13,6.425947572947777e-06,0.0
Last AS security intelligence age,13,13,6.425947572947777e-06,0.0
Last AV security intelligence age,13,13,6.425947572947777e-06,0.0
Last full scan age,13,13,6.425947572947777e-06,0.0
Last full scan end time,13,13,6.425947572947777e-06,0.0
Last full scan source,13,13,6.425947572947777e-06,0.0
Last full scan start time,13,13,6.425947572947777e-06,0.0
Last quick scan age,13,13,6.425947572947777e-06,0.0
Last quick scan end time,13,13,6.425947572947777e-06,0.0
Last quick scan source,13,13,6.425947572947777e-06,0.0
Last quick scan start time,13,13,6.425947572947777e-06,0.0
Latest engine version,13,13,6.425947572947777e-06,0.0
Latest platform version,13,13,6.425947572947777e-06,0.0
NRI engine version,13,13,6.425947572947777e-06,0.0
NRI security intelligence version,13,13,6.425947572947777e-06,0.0
NvmeHealthLog,13,13,6.425947572947777e-06,0.0
NvmeHealthLogLength,13,13,6.425947572947777e-06,0.0
OA state,13,13,6.425947572947777e-06,0.0
Platform up-to-date,13,13,6.425947572947777e-06,0.0
PoolId,13,13,6.425947572947777e-06,0.0
Product status,13,13,6.425947572947777e-06,0.0
RTP state,13,13,6.425947572947777e-06,0.0
Security intelligence version,13,13,6.425947572947777e-06,0.0
Session,13,13,6.425947572947777e-06,0.0
VendorSpecificLogLength,13,13,6.425947572947777e-06,0.0
VendorSpecificLogPageCode,13,13,6.425947572947777e-06,0.0
VendorSpecificLogPageVersion,13,13,6.425947572947777e-06,0.0
DeleteUnitCount,12,12,5.9316439134902555e-06,0.0
Failure reason,12,12,5.9316439134902555e-06,0.0
FailureAddress,12,12,5.9316439134902555e-06,0.0
Filename,12,12,5.9316439134902555e-06,0.0
InitState,12,12,5.9316439134902555e-06,0.0
New Value,12,12,5.9316439134902555e-06,0.0
NewUnitCount,12,12,5.9316439134902555e-06,0.0
Old Value,12,12,5.9316439134902555e-06,0.0
PackageFamilyName,12,12,5.9316439134902555e-06,0.0
Previous Engine Version,12,12,5.9316439134902555e-06,0.0
Previous security intelligence Version,12,12,5.9316439134902555e-06,0.0
ReferenceAddress,12,12,5.9316439134902555e-06,0.0
SchemaType,12,12,5.9316439134902555e-06,0.0
Security intelligence Type,12,12,5.9316439134902555e-06,0.0
Security intelligence Type Index,12,12,5.9316439134902555e-06,0.0
TransportProtocolName,12,12,5.9316439134902555e-06,0.0
Update Type,12,12,5.9316439134902555e-06,0.0
Update Type Index,12,12,5.9316439134902555e-06,0.0
AssociateId,11,11,5.4373402540327346e-06,0.0
LocalStratumNumber,11,11,5.4373402540327346e-06,0.0
ServiceName,11,11,5.4373402540327346e-06,0.0
TimeSource,11,11,5.4373402540327346e-06,0.0
TimeSourceRefId,11,11,5.4373402540327346e-06,0.0
UserId,11,11,5.4373402540327346e-06,0.0
Address,10,10,4.943036594575213e-06,0.0
ElapsedTimeMs,10,10,4.943036594575213e-06,0.0
File Name,10,10,4.943036594575213e-06,0.0
LocalizedText,10,10,4.943036594575213e-06,0.0
LoggingMode,10,10,4.943036594575213e-06,0.0
SessionName,10,10,4.943036594575213e-06,0.0
ThreadId,10,10,4.943036594575213e-06,0.0
Exemption,9,9,4.448732935117692e-06,0.0
Settings,9,9,4.448732935117692e-06,0.0
resourceUri,9,9,4.448732935117692e-06,0.0
Error Description,8,8,3.95442927566017e-06,0.0
InstallState,8,8,3.95442927566017e-06,0.0
Position,8,8,3.95442927566017e-06,0.0
Scenario,8,8,3.95442927566017e-06,0.0
Source Path,8,8,3.95442927566017e-06,0.0
Update Source,8,8,3.95442927566017e-06,0.0
Update Source Index,8,8,3.95442927566017e-06,0.0
Update State,8,8,3.95442927566017e-06,0.0
Update State Index,8,8,3.95442927566017e-06,0.0
ContainsRawVolumes,7,7,3.460125616202649e-06,0.0
DiskNumber,7,7,3.460125616202649e-06,0.0
FileSystem,7,7,3.460125616202649e-06,0.0
FunctionName,7,7,3.460125616202649e-06,0.0
Irp,7,7,3.460125616202649e-06,0.0
MiniportEventDescription,7,7,3.460125616202649e-06,0.0
MiniportEventId,7,7,3.460125616202649e-06,0.0
Parameter1Name,7,7,3.460125616202649e-06,0.0
Parameter1Value,7,7,3.460125616202649e-06,0.0
Parameter2Name,7,7,3.460125616202649e-06,0.0
Parameter2Value,7,7,3.460125616202649e-06,0.0
Parameter3Name,7,7,3.460125616202649e-06,0.0
Parameter3Value,7,7,3.460125616202649e-06,0.0
Parameter4Name,7,7,3.460125616202649e-06,0.0
Parameter4Value,7,7,3.460125616202649e-06,0.0
ParentId,7,7,3.460125616202649e-06,0.0
PartitionStyle,7,7,3.460125616202649e-06,0.0
Size,7,7,3.460125616202649e-06,0.0
Srb,7,7,3.460125616202649e-06,0.0
VolumeCount,7,7,3.460125616202649e-06,0.0
AppliedGuids,6,6,2.9658219567451278e-06,0.0
Class,6,6,2.9658219567451278e-06,0.0
ClassGuid,6,6,2.9658219567451278e-06,0.0
CurrentTime(UTC),6,6,2.9658219567451278e-06,0.0
DidWaitTimeout,6,6,2.9658219567451278e-06,0.0
DiskIndex,6,6,2.9658219567451278e-06,0.0
DisplayDriverName,6,6,2.9658219567451278e-06,0.0
Epoch,6,6,2.9658219567451278e-06,0.0
ErrorRecordFormat,6,6,2.9658219567451278e-06,0.0
ErrorSourceCount,6,6,2.9658219567451278e-06,0.0
ErrorSourceTable,6,6,2.9658219567451278e-06,0.0
ErrorSourceTableLength,6,6,2.9658219567451278e-06,0.0
GpsvcTimeElapsedInMilliseconds,6,6,2.9658219567451278e-06,0.0
IsPolicyConfigured,6,6,2.9658219567451278e-06,0.0
ListenerName,6,6,2.9658219567451278e-06,0.0
MaxTimeToWait,6,6,2.9658219567451278e-06,0.0
NewAvgWaitTimeout,6,6,2.9658219567451278e-06,0.0
PrevAvgWaitTimeout,6,6,2.9658219567451278e-06,0.0
Provider,6,6,2.9658219567451278e-06,0.0
ShimCount,6,6,2.9658219567451278e-06,0.0
ShimSource,6,6,2.9658219567451278e-06,0.0
TimeWaitedAtStartup,6,6,2.9658219567451278e-06,0.0
TotalDisks,6,6,2.9658219567451278e-06,0.0
authFailureMessage,6,6,2.9658219567451278e-06,0.0
errorCode,6,6,2.9658219567451278e-06,0.0
listenerName,6,6,2.9658219567451278e-06,0.0
messageName,6,6,2.9658219567451278e-06,0.0
queryid,6,6,2.9658219567451278e-06,0.0
Exception Details,5,5,2.4715182972876064e-06,0.0
Member Name,5,5,2.4715182972876064e-06,0.0
SampledErrorLogArray,5,5,2.4715182972876064e-06,0.0
Scan ID,5,5,2.4715182972876064e-06,0.0
Scan Parameters,5,5,2.4715182972876064e-06,0.0
Scan Parameters Index,5,5,2.4715182972876064e-06,0.0
Scan Type,5,5,2.4715182972876064e-06,0.0
Scan Type Index,5,5,2.4715182972876064e-06,0.0
Win32Status,5,5,2.4715182972876064e-06,0.0
AADPrt,4,4,1.977214637830085e-06,0.0
CloudTgt,4,4,1.977214637830085e-06,0.0
Current Engine Version,4,4,1.977214637830085e-06,0.0
Current security intelligence Version,4,4,1.977214637830085e-06,0.0
DeviceIsJoined,4,4,1.977214637830085e-06,0.0
IntegrityEnforced,4,4,1.977214637830085e-06,0.0
LogonCertRequired,4,4,1.977214637830085e-06,0.0
MachinePolicySource,4,4,1.977214637830085e-06,0.0
MutualAuthenticationEnforced,4,4,1.977214637830085e-06,0.0
NgcHardwarePolicyMet,4,4,1.977214637830085e-06,0.0
NgcPolicyEnabled,4,4,1.977214637830085e-06,0.0
NgcPostLogonProvisioningEnabled,4,4,1.977214637830085e-06,0.0
UncPath,4,4,1.977214637830085e-06,0.0
UseCloudTrust,4,4,1.977214637830085e-06,0.0
UserIsRemote,4,4,1.977214637830085e-06,0.0
DeviceUpdated,3,3,1.4829109783725639e-06,0.0
DriverDate,3,3,1.4829109783725639e-06,0.0
DriverInbox,3,3,1.4829109783725639e-06,0.0
DriverProvider,3,3,1.4829109783725639e-06,0.0
DriverRank,3,3,1.4829109783725639e-06,0.0
DriverSection,3,3,1.4829109783725639e-06,0.0
DriverVersion,3,3,1.4829109783725639e-06,0.0
ErrorDescription,3,3,1.4829109783725639e-06,0.0
MatchingDeviceId,3,3,1.4829109783725639e-06,0.0
ParentDeviceInstanceId,3,3,1.4829109783725639e-06,0.0
Problem,3,3,1.4829109783725639e-06,0.0
Scan Time Hours,2,2,9.886073189150425e-07,0.0
Scan Time Minutes,2,2,9.886073189150425e-07,0.0
Scan Time Seconds,2,2,9.886073189150425e-07,0.0
Timestamp,2,2,9.886073189150425e-07,0.0
TreeId,2,2,9.886073189150425e-07,0.0
ChildCommandLine,1,1,4.943036594575213e-07,0.0
ChildCommandLineLength,1,1,4.943036594575213e-07,0.0
ChildImagePathName,1,1,4.943036594575213e-07,0.0
ChildImagePathNameLength,1,1,4.943036594575213e-07,0.0
ID,1,1,4.943036594575213e-07,0.0
InterfaceId,1,1,4.943036594575213e-07,0.0
NumberOfGroupPolicyObjects,1,1,4.943036594575213e-07,0.0
OutrankedDrivers,1,1,4.943036594575213e-07,0.0
ProcessingMode,1,1,4.943036594575213e-07,0.0
ProcessingTimeInMilliseconds,1,1,4.943036594575213e-07,0.0
RotatingMedia,1,1,4.943036594575213e-07,0.0
State,1,1,4.943036594575213e-07,0.0
SupportInfo1,1,1,4.943036594575213e-07,0.0
SupportInfo2,1,1,4.943036594575213e-07,0.0
TargetSession,1,1,4.943036594575213e-07,0.0
TimeProvider,1,1,4.943036594575213e-07,0.0
