,rule_name,n,n_fmt,pct
0,"""-""",201627319,"201,627,319",99.69
1,"""technique_id=T1055,technique_name=Process Injection""",517395,"517,395",0.26
2,"""technique_id=T1055.001,technique_name=Dynamic-link Library Injection""",35633,"35,633",0.02
3,"""technique_id=T1543,technique_name=Service Creation""",32224,"32,224",0.02
4,"""technique_id=T1003,technique_name=Credential Dumping""",12083,"12,083",0.01
5,"""technique_id=T1053,technique_name=Scheduled Task""",7237,"7,237",0.0
6,"""technique_id=T1093,technique_name=Process Hollowing""",5303,"5,303",0.0
7,"""technique_id=T1130,technique_name=Install Root Certificate""",4865,"4,865",0.0
8,"""technique_id=T1047,technique_name=Windows Management Instrumentation""",2744,"2,744",0.0
9,"""technique_id=T1036,technique_name=Masquerading""",2425,"2,425",0.0
10,"""technique_id=1210,technique_name=Exploitation of Remote Services""",1897,"1,897",0.0
11,"""technique_id=T1003.002,technique_name=Security Account Manager""",1830,"1,830",0.0
12,"""technique_id=T1073,technique_name=DLL Side-Loading""",1238,"1,238",0.0
13,"""technique_id=T1059.001,technique_name=PowerShell""",1127,"1,127",0.0
14,"""technique_id=T1059,technique_name=Command-Line Interface""",875,875,0.0
15,"""technique_id=T1546.001,technique_name=Change Default File Association""",711,711,0.0
16,"""technique_id=T1546.012,technique_name=Image File Execution Options Injection""",658,658,0.0
17,"""technique_id=T1016,technique_name=System Network Configuration Discovery""",480,480,0.0
18,"""technique_id=T1490,technique_name=Inhibit System Recovery""",446,446,0.0
19,"""technique_id=T1197,technique_name=BITS""",434,434,0.0
20,"""technique_id=T1546.011,technique_name=Application Shimming""",407,407,0.0
21,"""technique_id=T1086,technique_name=PowerShell""",184,184,0.0
22,"""technique_id=T1059.003,technique_name=Windows Command Shell""",153,153,0.0
23,"""UACMe Dir Prep""",146,146,0.0
24,"""technique_id=T1031,technique_name=Modify Existing Service""",131,131,0.0
25,"""technique_id=T1204,technique_name=User Execution""",118,118,0.0
26,"""technique_id=T1547.010,technique_name=Boot or Logon Autostart Execution - Port Monitors""",113,113,0.0
27,"""technique_id=T1218.002,technique_name=rundll32.exe""",107,107,0.0
28,"""technique_id=T1547.001,technique_name=Registry Run Keys / Start Folder""",104,104,0.0
29,"""technique_id=T1546.008,technique_name=Windows Error Reporting""",89,89,0.0
