,event_id,canal,provedor,n,n_maliciosos,pct,pct_malicioso,n_fmt
0,10,Microsoft-Windows-Sysmon/Operational,Microsoft-Windows-Sysmon,200916113,53765,99.31,0.03,"200,916,113"
1,7,Microsoft-Windows-Sysmon/Operational,Microsoft-Windows-Sysmon,525091,523812,0.26,99.76,"525,091"
2,11,Microsoft-Windows-Sysmon/Operational,Microsoft-Windows-Sysmon,337375,4,0.17,0.0,"337,375"
3,12,Microsoft-Windows-Sysmon/Operational,Microsoft-Windows-Sysmon,302452,29793,0.15,9.85,"302,452"
4,13,Microsoft-Windows-Sysmon/Operational,Microsoft-Windows-Sysmon,91205,18672,0.05,20.47,"91,205"
5,1,Microsoft-Windows-Sysmon/Operational,Microsoft-Windows-Sysmon,36586,3457,0.02,9.45,"36,586"
6,18,Microsoft-Windows-Sysmon/Operational,Microsoft-Windows-Sysmon,20384,1,0.01,0.0,"20,384"
7,26,Microsoft-Windows-Sysmon/Operational,Microsoft-Windows-Sysmon,11817,0,0.01,0.0,"11,817"
8,17,Microsoft-Windows-Sysmon/Operational,Microsoft-Windows-Sysmon,7461,0,0.0,0.0,"7,461"
9,5857,Microsoft-Windows-WMI-Activity/Operational,Microsoft-Windows-WMI-Activity,7332,0,0.0,0.0,"7,332"
10,22,Microsoft-Windows-Sysmon/Operational,Microsoft-Windows-Sysmon,6436,0,0.0,0.0,"6,436"
11,3,Microsoft-Windows-Sysmon/Operational,Microsoft-Windows-Sysmon,3293,1676,0.0,50.9,"3,293"
12,3089,Microsoft-Windows-CodeIntegrity/Operational,Microsoft-Windows-CodeIntegrity,3236,0,0.0,0.0,"3,236"
13,3033,Microsoft-Windows-CodeIntegrity/Operational,Microsoft-Windows-CodeIntegrity,2752,0,0.0,0.0,"2,752"
14,5860,Microsoft-Windows-WMI-Activity/Operational,Microsoft-Windows-WMI-Activity,2660,0,0.0,0.0,"2,660"
15,140,Microsoft-Windows-TaskScheduler/Operational,Microsoft-Windows-TaskScheduler,2043,0,0.0,0.0,"2,043"
16,62443,Microsoft-Windows-Shell-Core/AppDefaults,Microsoft-Windows-Shell-Core,1879,0,0.0,0.0,"1,879"
17,5858,Microsoft-Windows-WMI-Activity/Operational,Microsoft-Windows-WMI-Activity,1795,0,0.0,0.0,"1,795"
18,100,Microsoft-Windows-TaskScheduler/Operational,Microsoft-Windows-TaskScheduler,1551,0,0.0,0.0,"1,551"
19,200,Microsoft-Windows-TaskScheduler/Operational,Microsoft-Windows-TaskScheduler,1549,0,0.0,0.0,"1,549"
20,102,Microsoft-Windows-TaskScheduler/Operational,Microsoft-Windows-TaskScheduler,1504,0,0.0,0.0,"1,504"
21,201,Microsoft-Windows-TaskScheduler/Operational,Microsoft-Windows-TaskScheduler,1503,0,0.0,0.0,"1,503"
22,12,Microsoft-Windows-Security-Mitigations/KernelMode,Microsoft-Windows-Security-Mitigations,1406,0,0.0,0.0,"1,406"
23,2006,Microsoft-Windows-Store/Operational,Microsoft-Windows-Install-Agent,1341,0,0.0,0.0,"1,341"
24,129,Microsoft-Windows-TaskScheduler/Operational,Microsoft-Windows-TaskScheduler,1338,0,0.0,0.0,"1,338"
25,8001,Microsoft-Windows-Store/Operational,Microsoft-Windows-Store,989,0,0.0,0.0,989
26,4017,Microsoft-Windows-GroupPolicy/Operational,Microsoft-Windows-GroupPolicy,729,0,0.0,0.0,729
27,5017,Microsoft-Windows-GroupPolicy/Operational,Microsoft-Windows-GroupPolicy,726,0,0.0,0.0,726
28,151,Microsoft-Windows-Ntfs/Operational,Microsoft-Windows-Ntfs,687,0,0.0,0.0,687
29,1001,Application,Windows Error Reporting,664,0,0.0,0.0,664
30,5320,Microsoft-Windows-GroupPolicy/Operational,Microsoft-Windows-GroupPolicy,588,0,0.0,0.0,588
31,3004,Microsoft-Windows-CodeIntegrity/Operational,Microsoft-Windows-CodeIntegrity,485,0,0.0,0.0,485
32,8,Microsoft-Windows-Sysmon/Operational,Microsoft-Windows-Sysmon,317,317,0.0,100.0,317
33,114,Microsoft-Windows-TaskScheduler/Operational,Microsoft-Windows-TaskScheduler,306,0,0.0,0.0,306
34,107,Microsoft-Windows-TaskScheduler/Operational,Microsoft-Windows-TaskScheduler,294,0,0.0,0.0,294
35,6,Microsoft-Windows-Sysmon/Operational,Microsoft-Windows-Sysmon,235,0,0.0,0.0,235
36,62171,Microsoft-Windows-Shell-Core/Operational,Microsoft-Windows-Shell-Core,222,0,0.0,0.0,222
37,62170,Microsoft-Windows-Shell-Core/Operational,Microsoft-Windows-Shell-Core,214,0,0.0,0.0,214
38,8011,Microsoft-Windows-Store/Operational,Microsoft-Windows-Store,165,0,0.0,0.0,165
39,332,Microsoft-Windows-TaskScheduler/Operational,Microsoft-Windows-TaskScheduler,162,0,0.0,0.0,162
40,108,Microsoft-Windows-TaskScheduler/Operational,Microsoft-Windows-TaskScheduler,162,0,0.0,0.0,162
41,5,Microsoft-Windows-Sysmon/Operational,Microsoft-Windows-Sysmon,146,0,0.0,0.0,146
42,15,Microsoft-Windows-Sysmon/Operational,Microsoft-Windows-Sysmon,142,65,0.0,45.77,142
43,505,Microsoft-Windows-Storage-Storport/Operational,Microsoft-Windows-StorPort,122,0,0.0,0.0,122
44,800,Microsoft-Windows-TaskScheduler/Maintenance,Microsoft-Windows-TaskScheduler,121,0,0.0,0.0,121
45,6115,Microsoft-Windows-LiveId/Operational,Microsoft-Windows-LiveId,120,0,0.0,0.0,120
46,5117,Microsoft-Windows-GroupPolicy/Operational,Microsoft-Windows-GroupPolicy,118,0,0.0,0.0,118
47,5351,Microsoft-Windows-GroupPolicy/Operational,Microsoft-Windows-GroupPolicy,118,0,0.0,0.0,118
48,4117,Microsoft-Windows-GroupPolicy/Operational,Microsoft-Windows-GroupPolicy,118,0,0.0,0.0,118
49,3,Microsoft-Windows-Bits-Client/Operational,Microsoft-Windows-Bits-Client,117,0,0.0,0.0,117
50,60,Microsoft-Windows-Bits-Client/Operational,Microsoft-Windows-Bits-Client,116,0,0.0,0.0,116
51,59,Microsoft-Windows-Bits-Client/Operational,Microsoft-Windows-Bits-Client,116,0,0.0,0.0,116
52,2,Microsoft-Windows-Sysmon/Operational,Microsoft-Windows-Sysmon,115,44,0.0,38.26,115
53,16403,Microsoft-Windows-Bits-Client/Operational,Microsoft-Windows-Bits-Client,114,0,0.0,0.0,114
54,4,Microsoft-Windows-Bits-Client/Operational,Microsoft-Windows-Bits-Client,111,0,0.0,0.0,111
55,119,Microsoft-Windows-TaskScheduler/Operational,Microsoft-Windows-TaskScheduler,108,0,0.0,0.0,108
56,146,Microsoft-Windows-Ntfs/Operational,Microsoft-Windows-Ntfs,108,0,0.0,0.0,108
57,6116,Microsoft-Windows-LiveId/Operational,Microsoft-Windows-LiveId,101,0,0.0,0.0,101
58,6117,Microsoft-Windows-LiveId/Operational,Microsoft-Windows-LiveId,101,0,0.0,0.0,101
59,272,Microsoft-Windows-Time-Service/Operational,Microsoft-Windows-Time-Service,98,0,0.0,0.0,98
60,5324,Microsoft-Windows-GroupPolicy/Operational,Microsoft-Windows-GroupPolicy,96,0,0.0,0.0,96
61,263,Microsoft-Windows-Time-Service/Operational,Microsoft-Windows-Time-Service,93,0,0.0,0.0,93
62,331,Microsoft-Windows-User Device Registration/Admin,Microsoft-Windows-User Device Registration,87,0,0.0,0.0,87
63,5116,Microsoft-Windows-GroupPolicy/Operational,Microsoft-Windows-GroupPolicy,86,0,0.0,0.0,86
64,5321,Microsoft-Windows-GroupPolicy/Operational,Microsoft-Windows-GroupPolicy,86,0,0.0,0.0,86
65,4115,Microsoft-Windows-GroupPolicy/Operational,Microsoft-Windows-GroupPolicy,86,0,0.0,0.0,86
66,4116,Microsoft-Windows-GroupPolicy/Operational,Microsoft-Windows-GroupPolicy,86,0,0.0,0.0,86
67,8002,Microsoft-Windows-Store/Operational,Microsoft-Windows-Store,84,0,0.0,0.0,84
68,2008,Microsoft-Windows-Store/Operational,Microsoft-Windows-Install-Agent,82,0,0.0,0.0,82
69,8012,Microsoft-Windows-Store/Operational,Microsoft-Windows-Store,81,0,0.0,0.0,81
70,2011,Microsoft-Windows-Windows Firewall With Advanced Security/Firewall,Microsoft-Windows-Windows Firewall With Advanced Security,81,0,0.0,0.0,81
71,307,Microsoft-Windows-User Device Registration/Admin,Microsoft-Windows-User Device Registration,81,0,0.0,0.0,81
72,304,Microsoft-Windows-User Device Registration/Admin,Microsoft-Windows-User Device Registration,81,0,0.0,0.0,81
73,812,Microsoft-Windows-Winlogon/Operational,Microsoft-Windows-Winlogon,78,0,0.0,0.0,78
74,2024,Microsoft-Windows-LiveId/Operational,Microsoft-Windows-LiveId,77,0,0.0,0.0,77
75,811,Microsoft-Windows-Winlogon/Operational,Microsoft-Windows-Winlogon,76,0,0.0,0.0,76
76,30824,Microsoft-Windows-SmbClient/Connectivity,Microsoft-Windows-SMBClient,73,0,0.0,0.0,73
77,510,Microsoft-Windows-Storage-Storport/Health,Microsoft-Windows-StorPort,70,0,0.0,0.0,70
78,511,Microsoft-Windows-Storage-Storport/Health,Microsoft-Windows-StorPort,70,0,0.0,0.0,70
79,6004,Microsoft-Windows-Store/Operational,Microsoft-Windows-Push-To-Install-Service,67,0,0.0,0.0,67
80,4016,Microsoft-Windows-GroupPolicy/Operational,Microsoft-Windows-GroupPolicy,67,0,0.0,0.0,67
81,7016,Microsoft-Windows-GroupPolicy/Operational,Microsoft-Windows-GroupPolicy,67,0,0.0,0.0,67
82,2000,Microsoft-Windows-Store/Operational,Microsoft-Windows-Install-Agent,65,0,0.0,0.0,65
83,118,Microsoft-Windows-TaskScheduler/Operational,Microsoft-Windows-TaskScheduler,62,0,0.0,0.0,62
84,4,Microsoft-Windows-Kernel-ShimEngine/Operational,Microsoft-Windows-Kernel-ShimEngine,60,0,0.0,0.0,60
85,5340,Microsoft-Windows-GroupPolicy/Operational,Microsoft-Windows-GroupPolicy,58,0,0.0,0.0,58
86,5314,Microsoft-Windows-GroupPolicy/Operational,Microsoft-Windows-GroupPolicy,56,0,0.0,0.0,56
87,5327,Microsoft-Windows-GroupPolicy/Operational,Microsoft-Windows-GroupPolicy,56,0,0.0,0.0,56
88,5310,Microsoft-Windows-GroupPolicy/Operational,Microsoft-Windows-GroupPolicy,55,0,0.0,0.0,55
89,5308,Microsoft-Windows-GroupPolicy/Operational,Microsoft-Windows-GroupPolicy,55,0,0.0,0.0,55
90,5311,Microsoft-Windows-GroupPolicy/Operational,Microsoft-Windows-GroupPolicy,55,0,0.0,0.0,55
91,4326,Microsoft-Windows-GroupPolicy/Operational,Microsoft-Windows-GroupPolicy,55,0,0.0,0.0,55
92,4126,Microsoft-Windows-GroupPolicy/Operational,Microsoft-Windows-GroupPolicy,55,0,0.0,0.0,55
93,4257,Microsoft-Windows-GroupPolicy/Operational,Microsoft-Windows-GroupPolicy,55,0,0.0,0.0,55
94,5309,Microsoft-Windows-GroupPolicy/Operational,Microsoft-Windows-GroupPolicy,55,0,0.0,0.0,55
95,5326,Microsoft-Windows-GroupPolicy/Operational,Microsoft-Windows-GroupPolicy,55,0,0.0,0.0,55
96,5126,Microsoft-Windows-GroupPolicy/Operational,Microsoft-Windows-GroupPolicy,54,0,0.0,0.0,54
97,5312,Microsoft-Windows-GroupPolicy/Operational,Microsoft-Windows-GroupPolicy,53,0,0.0,0.0,53
98,5257,Microsoft-Windows-GroupPolicy/Operational,Microsoft-Windows-GroupPolicy,53,0,0.0,0.0,53
99,5313,Microsoft-Windows-GroupPolicy/Operational,Microsoft-Windows-GroupPolicy,53,0,0.0,0.0,53
100,4216,Microsoft-Windows-GroupPolicy/Operational,Microsoft-Windows-GroupPolicy,53,0,0.0,0.0,53
101,325,Microsoft-Windows-TaskScheduler/Operational,Microsoft-Windows-TaskScheduler,50,0,0.0,0.0,50
102,322,Microsoft-Windows-TaskScheduler/Operational,Microsoft-Windows-TaskScheduler,47,0,0.0,0.0,47
103,1097,Microsoft-Windows-AAD/Operational,Microsoft-Windows-AAD,46,0,0.0,0.0,46
104,2007,Microsoft-Windows-Store/Operational,Microsoft-Windows-Install-Agent,44,0,0.0,0.0,44
105,158,Microsoft-Windows-Ntfs/Operational,Microsoft-Windows-Ntfs,43,0,0.0,0.0,43
106,2051,Microsoft-Windows-Windows Firewall With Advanced Security/Firewall,Microsoft-Windows-Windows Firewall With Advanced Security,42,0,0.0,0.0,42
107,263,Microsoft-Windows-TerminalServices-RemoteConnectionManager/Operational,Microsoft-Windows-TerminalServices-RemoteConnectionManager,42,0,0.0,0.0,42
108,2033,Microsoft-Windows-Windows Firewall With Advanced Security/Firewall,Microsoft-Windows-Windows Firewall With Advanced Security,42,0,0.0,0.0,42
109,1098,Microsoft-Windows-AAD/Operational,Microsoft-Windows-AAD,42,0,0.0,0.0,42
110,9707,Microsoft-Windows-Shell-Core/Operational,Microsoft-Windows-Shell-Core,40,0,0.0,0.0,40
111,101,Microsoft-Windows-TaskScheduler/Operational,Microsoft-Windows-TaskScheduler,40,0,0.0,0.0,40
112,9708,Microsoft-Windows-Shell-Core/Operational,Microsoft-Windows-Shell-Core,40,0,0.0,0.0,40
113,203,Microsoft-Windows-TaskScheduler/Operational,Microsoft-Windows-TaskScheduler,40,0,0.0,0.0,40
114,102,Microsoft-Client-Licensing-Platform/Admin,Microsoft-Client-Licensing-Platform,39,0,0.0,0.0,39
115,30800,Microsoft-Windows-SmbClient/Connectivity,Microsoft-Windows-SMBClient,39,0,0.0,0.0,39
116,7216,Microsoft-Windows-GroupPolicy/Operational,Microsoft-Windows-GroupPolicy,37,0,0.0,0.0,37
117,31018,Microsoft-Windows-SmbClient/Security,Microsoft-Windows-SMBClient,37,0,0.0,0.0,37
118,1,Microsoft-Windows-CloudStore/Operational,Microsoft-Windows-CloudStore,36,0,0.0,0.0,36
119,59,Microsoft-Windows-User Profile Service/Operational,Microsoft-Windows-User Profiles Service,36,0,0.0,0.0,36
120,32,Microsoft-Windows-RemoteAssistance/Operational,Microsoft-Windows-RemoteAssistance,36,0,0.0,0.0,36
121,2008,Microsoft-Windows-Windows Firewall With Advanced Security/Firewall,Microsoft-Windows-Windows Firewall With Advanced Security,36,0,0.0,0.0,36
122,31,Microsoft-Windows-RemoteAssistance/Operational,Microsoft-Windows-RemoteAssistance,36,0,0.0,0.0,36
123,2002,Microsoft-Windows-Store/Operational,Windows-ApplicationModel-Store-SDK,35,0,0.0,0.0,35
124,42,Microsoft-Windows-Kernel-WHEA/Operational,Microsoft-Windows-Kernel-WHEA,35,0,0.0,0.0,35
125,4004,Microsoft-Windows-GroupPolicy/Operational,Microsoft-Windows-GroupPolicy,33,0,0.0,0.0,33
126,5,Microsoft-Windows-User Profile Service/Operational,Microsoft-Windows-User Profiles Service,32,0,0.0,0.0,32
127,110,Microsoft-Windows-TaskScheduler/Operational,Microsoft-Windows-TaskScheduler,32,0,0.0,0.0,32
128,8004,Microsoft-Windows-GroupPolicy/Operational,Microsoft-Windows-GroupPolicy,32,0,0.0,0.0,32
129,2005,Microsoft-Windows-Windows Firewall With Advanced Security/Firewall,Microsoft-Windows-Windows Firewall With Advanced Security,30,0,0.0,0.0,30
130,101,Microsoft-Client-Licensing-Platform/Admin,Microsoft-Client-Licensing-Platform,30,0,0.0,0.0,30
131,2005,Microsoft-Windows-Store/Operational,Microsoft-Windows-Install-Agent,30,0,0.0,0.0,30
132,5861,Microsoft-Windows-WMI-Activity/Operational,Microsoft-Windows-WMI-Activity,30,0,0.0,0.0,30
133,100,Microsoft-Client-Licensing-Platform/Admin,Microsoft-Client-Licensing-Platform,30,0,0.0,0.0,30
134,20,Microsoft-Windows-Kernel-WHEA/Errors,Microsoft-Windows-Kernel-WHEA,30,0,0.0,0.0,30
135,549,Microsoft-Windows-Storage-Storport/Operational,Microsoft-Windows-StorPort,29,0,0.0,0.0,29
136,2004,Microsoft-Windows-Windows Firewall With Advanced Security/Firewall,Microsoft-Windows-Windows Firewall With Advanced Security,28,0,0.0,0.0,28
137,2010,Microsoft-Windows-Windows Firewall With Advanced Security/Firewall,Microsoft-Windows-Windows Firewall With Advanced Security,27,0,0.0,0.0,27
138,504,Microsoft-Windows-Storage-Storport/Operational,Microsoft-Windows-StorPort,26,0,0.0,0.0,26
139,6509,Microsoft-Windows-SettingSync/Debug,Microsoft-Windows-SettingSync-Desktop,24,0,0.0,0.0,24
140,30810,Microsoft-Windows-SmbClient/Connectivity,Microsoft-Windows-SMBClient,24,0,0.0,0.0,24
141,2,Microsoft-Windows-Security-Mitigations/KernelMode,Microsoft-Windows-Security-Mitigations,23,0,0.0,0.0,23
142,9705,Microsoft-Windows-Shell-Core/Operational,Microsoft-Windows-Shell-Core,23,0,0.0,0.0,23
143,9706,Microsoft-Windows-Shell-Core/Operational,Microsoft-Windows-Shell-Core,23,0,0.0,0.0,23
144,2004,Microsoft-Windows-Store/Operational,Windows-ApplicationModel-Store-SDK,22,0,0.0,0.0,22
145,2003,Microsoft-Windows-Store/Operational,Windows-ApplicationModel-Store-SDK,22,0,0.0,0.0,22
146,1010,Microsoft-Windows-SMBServer/Operational,Microsoft-Windows-SMBServer,22,0,0.0,0.0,22
147,203,Microsoft-Windows-Bits-Client/Operational,Microsoft-Windows-Bits-Client,20,0,0.0,0.0,20
148,229,Microsoft-Windows-RemoteDesktopServices-RdpCoreTS/Operational,Microsoft-Windows-RemoteDesktopServices-RdpCoreTS,18,0,0.0,0.0,18
149,142,Microsoft-Windows-Ntfs/Operational,Microsoft-Windows-Ntfs,18,0,0.0,0.0,18
150,324,Microsoft-Windows-TaskScheduler/Operational,Microsoft-Windows-TaskScheduler,18,0,0.0,0.0,18
151,145,Microsoft-Windows-Ntfs/Operational,Microsoft-Windows-Ntfs,18,0,0.0,0.0,18
152,6006,Microsoft-Windows-Store/Operational,Microsoft-Windows-Push-To-Install-Service,17,0,0.0,0.0,17
153,4018,Microsoft-Windows-GroupPolicy/Operational,Microsoft-Windows-GroupPolicy,17,0,0.0,0.0,17
154,7011,System,Service Control Manager,17,0,0.0,0.0,17
155,6003,Microsoft-Windows-Store/Operational,Microsoft-Windows-Push-To-Install-Service,17,0,0.0,0.0,17
156,5018,Microsoft-Windows-GroupPolicy/Operational,Microsoft-Windows-GroupPolicy,17,0,0.0,0.0,17
157,67,Microsoft-Windows-User Profile Service/Operational,Microsoft-Windows-User Profiles Service,16,0,0.0,0.0,16
158,5216,Microsoft-Windows-GroupPolicy/Operational,Microsoft-Windows-GroupPolicy,16,0,0.0,0.0,16
159,259,Microsoft-Windows-Time-Service/Operational,Microsoft-Windows-Time-Service,16,0,0.0,0.0,16
160,30812,Microsoft-Windows-SmbClient/Connectivity,Microsoft-Windows-SMBClient,16,0,0.0,0.0,16
161,310,Microsoft-Windows-Bits-Client/Operational,Microsoft-Windows-Bits-Client,16,0,0.0,0.0,16
162,4096,Microsoft-Windows-User Device Registration/Admin,Microsoft-Windows-User Device Registration,15,0,0.0,0.0,15
163,2002,Microsoft-Windows-Windows Firewall With Advanced Security/Firewall,Microsoft-Windows-Windows Firewall With Advanced Security,15,0,0.0,0.0,15
164,260,Microsoft-Windows-Time-Service/Operational,Microsoft-Windows-Time-Service,15,0,0.0,0.0,15
165,153,Microsoft-Windows-TaskScheduler/Operational,Microsoft-Windows-TaskScheduler,14,0,0.0,0.0,14
166,103,Microsoft-Windows-TaskScheduler/Operational,Microsoft-Windows-TaskScheduler,14,0,0.0,0.0,14
167,328,Microsoft-Windows-TaskScheduler/Operational,Microsoft-Windows-TaskScheduler,14,0,0.0,0.0,14
168,262,Microsoft-Windows-Time-Service/Operational,Microsoft-Windows-Time-Service,14,0,0.0,0.0,14
169,202,Microsoft-Windows-TaskScheduler/Operational,Microsoft-Windows-TaskScheduler,14,0,0.0,0.0,14
170,1151,Microsoft-Windows-Windows Defender/Operational,Microsoft-Windows-Windows Defender,13,0,0.0,0.0,13
171,512,Microsoft-Windows-Storage-Storport/Health,Microsoft-Windows-StorPort,13,0,0.0,0.0,13
172,4005,Microsoft-Windows-GroupPolicy/Operational,Microsoft-Windows-GroupPolicy,13,0,0.0,0.0,13
173,207,Microsoft-Windows-StorageSpaces-Driver/Operational,Microsoft-Windows-StorageSpaces-Driver,13,0,0.0,0.0,13
174,8005,Microsoft-Windows-GroupPolicy/Operational,Microsoft-Windows-GroupPolicy,13,0,0.0,0.0,13
175,1150,Microsoft-Windows-Windows Defender/Operational,Microsoft-Windows-Windows Defender,13,0,0.0,0.0,13
176,369,Microsoft-Windows-User Device Registration/Admin,Microsoft-Windows-User Device Registration,12,0,0.0,0.0,12
177,28032,Microsoft-Windows-Shell-Core/Operational,Microsoft-Windows-Shell-Core,12,0,0.0,0.0,12
178,266,Microsoft-Windows-Time-Service/Operational,Microsoft-Windows-Time-Service,12,0,0.0,0.0,12
179,553,Microsoft-Windows-Storage-Storport/Operational,Microsoft-Windows-StorPort,12,0,0.0,0.0,12
180,129,Microsoft-Windows-RemoteDesktopServices-RdpCoreTS/Operational,Microsoft-Windows-RemoteDesktopServices-RdpCoreTS,12,0,0.0,0.0,12
181,10,Microsoft-Windows-Security-Mitigations/KernelMode,Microsoft-Windows-Security-Mitigations,12,0,0.0,0.0,12
182,208,Microsoft-Windows-Kernel-Boot/Operational,Microsoft-Windows-Kernel-Boot,12,0,0.0,0.0,12
183,552,Microsoft-Windows-Storage-Storport/Operational,Microsoft-Windows-StorPort,12,0,0.0,0.0,12
184,5007,Microsoft-Windows-Windows Defender/Operational,Microsoft-Windows-Windows Defender,12,0,0.0,0.0,12
185,28117,Microsoft-Windows-Shell-Core/Operational,Microsoft-Windows-Shell-Core,12,0,0.0,0.0,12
186,265,Microsoft-Windows-Time-Service/Operational,Microsoft-Windows-Time-Service,11,0,0.0,0.0,11
187,264,Microsoft-Windows-Time-Service/Operational,Microsoft-Windows-Time-Service,11,0,0.0,0.0,11
188,4122,Microsoft-Windows-BitLocker/BitLocker Management,Microsoft-Windows-BitLocker-API,10,0,0.0,0.0,10
189,117,Microsoft-Client-Licensing-Platform/Admin,Microsoft-Client-Licensing-Platform,9,0,0.0,0.0,9
190,145,Microsoft-Windows-WinRM/Operational,Microsoft-Windows-WinRM,9,0,0.0,0.0,9
191,306,Microsoft-Windows-Bits-Client/Operational,Microsoft-Windows-Bits-Client,9,0,0.0,0.0,9
192,3085,Microsoft-Windows-CodeIntegrity/Operational,Microsoft-Windows-CodeIntegrity,9,0,0.0,0.0,9
193,141,Microsoft-Windows-TaskScheduler/Operational,Microsoft-Windows-TaskScheduler,9,0,0.0,0.0,9
194,106,Microsoft-Windows-TaskScheduler/Operational,Microsoft-Windows-TaskScheduler,9,0,0.0,0.0,9
195,62144,Microsoft-Windows-Shell-Core/Operational,Microsoft-Windows-Shell-Core,8,0,0.0,0.0,8
196,2006,Microsoft-Windows-Windows Firewall With Advanced Security/Firewall,Microsoft-Windows-Windows Firewall With Advanced Security,8,0,0.0,0.0,8
197,8025,Microsoft-Windows-HelloForBusiness/Operational,Microsoft-Windows-HelloForBusiness,8,0,0.0,0.0,8
198,2001,Microsoft-Windows-Windows Defender/Operational,Microsoft-Windows-Windows Defender,8,0,0.0,0.0,8
199,235,Microsoft-Windows-Kernel-Boot/Operational,Microsoft-Windows-Kernel-Boot,8,0,0.0,0.0,8
200,28125,Microsoft-Windows-Shell-Core/Operational,Microsoft-Windows-Shell-Core,8,0,0.0,0.0,8
201,28115,Microsoft-Windows-Shell-Core/Operational,Microsoft-Windows-Shell-Core,8,0,0.0,0.0,8
202,1000,Application,Application Error,7,0,0.0,0.0,7
203,700,Microsoft-Windows-TaskScheduler/Operational,Microsoft-Windows-TaskScheduler,7,0,0.0,0.0,7
204,54,Microsoft-Windows-TerminalServices-LocalSessionManager/Operational,Microsoft-Windows-TerminalServices-LocalSessionManager,7,0,0.0,0.0,7
205,159,Microsoft-Client-Licensing-Platform/Admin,Microsoft-Client-Licensing-Platform,7,0,0.0,0.0,7
206,5520,Microsoft-Windows-HelloForBusiness/Operational,Microsoft-Windows-HelloForBusiness,7,0,0.0,0.0,7
207,6113,Microsoft-Windows-LiveId/Operational,Microsoft-Windows-LiveId,7,0,0.0,0.0,7
208,146,Microsoft-Windows-TaskScheduler/Operational,Microsoft-Windows-TaskScheduler,7,0,0.0,0.0,7
209,16384,Application,Microsoft-Windows-Security-SPP,7,0,0.0,0.0,7
210,400,Microsoft-Windows-TaskScheduler/Operational,Microsoft-Windows-TaskScheduler,7,0,0.0,0.0,7
211,523,Microsoft-Windows-Storage-Storport/Operational,Microsoft-Windows-StorPort,7,0,0.0,0.0,7
212,5325,Microsoft-Windows-GroupPolicy/Operational,Microsoft-Windows-GroupPolicy,6,0,0.0,0.0,6
213,1136,Microsoft-Windows-TerminalServices-RemoteConnectionManager/Operational,Microsoft-Windows-TerminalServices-RemoteConnectionManager,6,0,0.0,0.0,6
214,20523,Microsoft-Windows-TerminalServices-RemoteConnectionManager/Operational,Microsoft-Windows-TerminalServices-RemoteConnectionManager,6,0,0.0,0.0,6
215,1,Microsoft-Windows-Security-Mitigations/KernelMode,Microsoft-Windows-Security-Mitigations,6,0,0.0,0.0,6
216,2000,Microsoft-Windows-WebAuthN/Operational,Microsoft-Windows-WebAuthN,6,0,0.0,0.0,6
217,16394,Application,Microsoft-Windows-Security-SPP,6,0,0.0,0.0,6
218,32,Microsoft-Windows-TerminalServices-LocalSessionManager/Operational,Microsoft-Windows-TerminalServices-LocalSessionManager,6,0,0.0,0.0,6
219,8000,Microsoft-Windows-GroupPolicy/Operational,Microsoft-Windows-GroupPolicy,6,0,0.0,0.0,6
220,3,Microsoft-Windows-Kernel-ShimEngine/Operational,Microsoft-Windows-Kernel-ShimEngine,6,0,0.0,0.0,6
221,100,Microsoft-Windows-Ntfs/WHC,Microsoft-Windows-Ntfs,6,0,0.0,0.0,6
222,5,Microsoft-Windows-Kernel-WHEA/Operational,Microsoft-Windows-Kernel-WHEA,6,0,0.0,0.0,6
223,142,Microsoft-Windows-WinRM/Operational,Microsoft-Windows-WinRM,6,0,0.0,0.0,6
224,1025,Microsoft-Windows-SMBServer/Operational,Microsoft-Windows-SMBServer,6,0,0.0,0.0,6
225,254,Microsoft-Windows-WinRM/Operational,Microsoft-Windows-WinRM,6,0,0.0,0.0,6
226,5,Microsoft-Windows-Bits-Client/Operational,Microsoft-Windows-Bits-Client,6,0,0.0,0.0,6
227,257,Microsoft-Windows-Time-Service/Operational,Microsoft-Windows-Time-Service,6,0,0.0,0.0,6
228,70,Microsoft-Windows-RemoteDesktopServices-RdpCoreTS/Operational,Microsoft-Windows-RemoteDesktopServices-RdpCoreTS,6,0,0.0,0.0,6
229,5859,Microsoft-Windows-WMI-Activity/Operational,Microsoft-Windows-WMI-Activity,6,0,0.0,0.0,6
230,5115,Microsoft-Windows-GroupPolicy/Operational,Microsoft-Windows-GroupPolicy,6,0,0.0,0.0,6
231,8000,Microsoft-Windows-Store/Operational,Microsoft-Windows-Store,6,0,0.0,0.0,6
232,161,Microsoft-Windows-WinRM/Operational,Microsoft-Windows-WinRM,6,0,0.0,0.0,6
233,1002,Microsoft-Windows-Storsvc/Diagnostic,Microsoft-Windows-Storsvc,6,0,0.0,0.0,6
234,4000,Microsoft-Windows-GroupPolicy/Operational,Microsoft-Windows-GroupPolicy,6,0,0.0,0.0,6
235,5322,Microsoft-Windows-GroupPolicy/Operational,Microsoft-Windows-GroupPolicy,6,0,0.0,0.0,6
236,334,Microsoft-Windows-User Device Registration/Admin,Microsoft-Windows-User Device Registration,6,0,0.0,0.0,6
237,501,Microsoft-Windows-Ntfs/Operational,Microsoft-Windows-Ntfs,6,0,0.0,0.0,6
238,2,Microsoft-Windows-Kernel-EventTracing/Admin,Microsoft-Windows-Kernel-EventTracing,6,0,0.0,0.0,6
239,258,Microsoft-Windows-TerminalServices-RemoteConnectionManager/Operational,Microsoft-Windows-TerminalServices-RemoteConnectionManager,6,0,0.0,0.0,6
240,1,Microsoft-Windows-Winlogon/Operational,Microsoft-Windows-Winlogon,5,0,0.0,0.0,5
241,907,Microsoft-Windows-Kernel-PnP/Driver Watchdog,Microsoft-Windows-Kernel-PnP,5,0,0.0,0.0,5
242,28018,Microsoft-Windows-Shell-Core/Operational,Microsoft-Windows-Shell-Core,5,0,0.0,0.0,5
243,28019,Microsoft-Windows-Shell-Core/Operational,Microsoft-Windows-Shell-Core,5,0,0.0,0.0,5
244,906,Microsoft-Windows-Kernel-PnP/Driver Watchdog,Microsoft-Windows-Kernel-PnP,5,0,0.0,0.0,5
245,2,Microsoft-Windows-Store/Operational,Windows-ApplicationModel-Store-SDK,5,0,0.0,0.0,5
246,2,Microsoft-Windows-Winlogon/Operational,Microsoft-Windows-Winlogon,5,0,0.0,0.0,5
247,30811,Microsoft-Windows-SmbClient/Connectivity,Microsoft-Windows-SMBClient,5,0,0.0,0.0,5
248,3054,Microsoft-Windows-HelloForBusiness/Operational,Microsoft-Windows-HelloForBusiness,4,0,0.0,0.0,4
249,360,Microsoft-Windows-User Device Registration/Admin,Microsoft-Windows-User Device Registration,4,0,0.0,0.0,4
250,30813,Microsoft-Windows-SmbClient/Connectivity,Microsoft-Windows-SMBClient,4,0,0.0,0.0,4
251,4,Microsoft-Windows-Store/Operational,Windows-ApplicationModel-Store-SDK,4,0,0.0,0.0,4
252,2000,Microsoft-Windows-Windows Defender/Operational,Microsoft-Windows-Windows Defender,4,0,0.0,0.0,4
253,1011,Microsoft-Windows-SMBServer/Operational,Microsoft-Windows-SMBServer,4,0,0.0,0.0,4
254,6506,Microsoft-Windows-SettingSync/Debug,Microsoft-Windows-SettingSync-Desktop,4,0,0.0,0.0,4
255,42,Microsoft-Windows-TerminalServices-LocalSessionManager/Operational,Microsoft-Windows-TerminalServices-LocalSessionManager,4,0,0.0,0.0,4
256,6507,Microsoft-Windows-SettingSync/Debug,Microsoft-Windows-SettingSync-Desktop,4,0,0.0,0.0,4
257,62164,Microsoft-Windows-Shell-Core/Operational,Microsoft-Windows-Shell-Core,4,0,0.0,0.0,4
258,22,Microsoft-Windows-TerminalServices-LocalSessionManager/Operational,Microsoft-Windows-TerminalServices-LocalSessionManager,4,0,0.0,0.0,4
259,7054,Microsoft-Windows-HelloForBusiness/Operational,Microsoft-Windows-HelloForBusiness,4,0,0.0,0.0,4
260,21,Microsoft-Windows-TerminalServices-LocalSessionManager/Operational,Microsoft-Windows-TerminalServices-LocalSessionManager,4,0,0.0,0.0,4
261,8210,Microsoft-Windows-HelloForBusiness/Operational,Microsoft-Windows-HelloForBusiness,4,0,0.0,0.0,4
262,9001,Microsoft-Windows-GroupPolicy/Operational,Microsoft-Windows-GroupPolicy,4,0,0.0,0.0,4
263,1,Microsoft-Windows-User Profile Service/Operational,Microsoft-Windows-User Profiles Service,4,0,0.0,0.0,4
264,41,Microsoft-Windows-TerminalServices-LocalSessionManager/Operational,Microsoft-Windows-TerminalServices-LocalSessionManager,4,0,0.0,0.0,4
265,2,Microsoft-Windows-User Profile Service/Operational,Microsoft-Windows-User Profiles Service,4,0,0.0,0.0,4
266,7046,System,Service Control Manager,4,0,0.0,0.0,4
267,1,Microsoft-Windows-Kernel-EventTracing/Admin,Microsoft-Windows-Kernel-EventTracing,4,0,0.0,0.0,4
268,7201,Microsoft-Windows-HelloForBusiness/Operational,Microsoft-Windows-HelloForBusiness,4,0,0.0,0.0,4
269,28017,Microsoft-Windows-Shell-Core/Operational,Microsoft-Windows-Shell-Core,4,0,0.0,0.0,4
270,7017,Microsoft-Windows-GroupPolicy/Operational,Microsoft-Windows-GroupPolicy,3,0,0.0,0.0,3
271,410,Microsoft-Windows-Kernel-PnP/Configuration,Microsoft-Windows-Kernel-PnP,3,0,0.0,0.0,3
272,400,Microsoft-Windows-Kernel-PnP/Configuration,Microsoft-Windows-Kernel-PnP,3,0,0.0,0.0,3
273,111,Microsoft-Windows-TaskScheduler/Operational,Microsoft-Windows-TaskScheduler,3,0,0.0,0.0,3
274,9704,Microsoft-Windows-Shell-Core/Operational,Microsoft-Windows-Shell-Core,3,0,0.0,0.0,3
275,329,Microsoft-Windows-TaskScheduler/Operational,Microsoft-Windows-TaskScheduler,3,0,0.0,0.0,3
276,1000,Microsoft-Windows-Windows Defender/Operational,Microsoft-Windows-Windows Defender,3,0,0.0,0.0,3
277,8002,Microsoft-Windows-GroupPolicy/Operational,Microsoft-Windows-GroupPolicy,3,0,0.0,0.0,3
278,7320,Microsoft-Windows-GroupPolicy/Operational,Microsoft-Windows-GroupPolicy,3,0,0.0,0.0,3
279,6065,Microsoft-Windows-SettingSync/Debug,Microsoft-Windows-SettingSync,3,0,0.0,0.0,3
280,4001,Microsoft-Windows-GroupPolicy/Operational,Microsoft-Windows-GroupPolicy,3,0,0.0,0.0,3
281,4002,Microsoft-Windows-GroupPolicy/Operational,Microsoft-Windows-GroupPolicy,3,0,0.0,0.0,3
282,8001,Microsoft-Windows-GroupPolicy/Operational,Microsoft-Windows-GroupPolicy,3,0,0.0,0.0,3
283,9703,Microsoft-Windows-Shell-Core/Operational,Microsoft-Windows-Shell-Core,3,0,0.0,0.0,3
284,6339,Microsoft-Windows-GroupPolicy/Operational,Microsoft-Windows-GroupPolicy,3,0,0.0,0.0,3
285,116,Microsoft-Client-Licensing-Platform/Admin,Microsoft-Client-Licensing-Platform,2,0,0.0,0.0,2
286,3,Microsoft-Windows-User Profile Service/Operational,Microsoft-Windows-User Profiles Service,2,0,0.0,0.0,2
287,1013,Microsoft-Windows-Windows Defender/Operational,Microsoft-Windows-Windows Defender,2,0,0.0,0.0,2
288,4,Microsoft-Windows-User Profile Service/Operational,Microsoft-Windows-User Profiles Service,2,0,0.0,0.0,2
289,23,Microsoft-Windows-TerminalServices-LocalSessionManager/Operational,Microsoft-Windows-TerminalServices-LocalSessionManager,2,0,0.0,0.0,2
290,1001,Microsoft-Windows-Windows Defender/Operational,Microsoft-Windows-Windows Defender,2,0,0.0,0.0,2
291,1502,System,Microsoft-Windows-GroupPolicy,1,0,0.0,0.0,1
292,3,Microsoft-Windows-Security-Mitigations/KernelMode,Microsoft-Windows-Security-Mitigations,1,0,0.0,0.0,1
293,39,Microsoft-Windows-TerminalServices-LocalSessionManager/Operational,Microsoft-Windows-TerminalServices-LocalSessionManager,1,0,0.0,0.0,1
294,255,Microsoft-Windows-Sysmon/Operational,Microsoft-Windows-Sysmon,1,0,0.0,0.0,1
295,62409,Microsoft-Windows-Shell-Core/Operational,Microsoft-Windows-Shell-Core,1,0,0.0,0.0,1
296,62408,Microsoft-Windows-Shell-Core/Operational,Microsoft-Windows-Shell-Core,1,0,0.0,0.0,1
297,61,Microsoft-Windows-Bits-Client/Operational,Microsoft-Windows-Bits-Client,1,0,0.0,0.0,1
298,4,Microsoft-Windows-Sysmon/Operational,Microsoft-Windows-Sysmon,1,0,0.0,0.0,1
299,30804,Microsoft-Windows-SmbClient/Connectivity,Microsoft-Windows-SMBClient,1,0,0.0,0.0,1
300,158,System,Microsoft-Windows-Time-Service,1,0,0.0,0.0,1
301,7257,Microsoft-Windows-GroupPolicy/Operational,Microsoft-Windows-GroupPolicy,1,0,0.0,0.0,1
302,6524,Microsoft-Windows-SettingSync/Debug,Microsoft-Windows-SettingSync,1,0,0.0,0.0,1
303,1001,Microsoft-Windows-Storsvc/Diagnostic,Microsoft-Windows-Storsvc,1,0,0.0,0.0,1
304,25,Microsoft-Windows-Sysmon/Operational,Microsoft-Windows-Sysmon,1,0,0.0,0.0,1
305,30807,Microsoft-Windows-SmbClient/Connectivity,Microsoft-Windows-SMBClient,1,0,0.0,0.0,1
306,402,Microsoft-Windows-TaskScheduler/Operational,Microsoft-Windows-TaskScheduler,1,0,0.0,0.0,1
307,40,Microsoft-Windows-TerminalServices-LocalSessionManager/Operational,Microsoft-Windows-TerminalServices-LocalSessionManager,1,0,0.0,0.0,1
308,3,Microsoft-Windows-Store/Operational,Windows-ApplicationModel-Store-SDK,1,0,0.0,0.0,1
309,1001,Application,SceCli,1,0,0.0,0.0,1
310,30805,Microsoft-Windows-SmbClient/Connectivity,Microsoft-Windows-SMBClient,1,0,0.0,0.0,1
311,430,Microsoft-Windows-Kernel-PnP/Configuration,Microsoft-Windows-Kernel-PnP,1,0,0.0,0.0,1
312,24,Microsoft-Windows-TerminalServices-LocalSessionManager/Operational,Microsoft-Windows-TerminalServices-LocalSessionManager,1,0,0.0,0.0,1
