tecnica_id,tecnica_nome,n_fmt,n
"""T1055""","""Process Injection""","517,395",517395
"""T1055.001""","""Dynamic-link Library Injection""","35,633",35633
"""T1543""","""Service Creation""","32,224",32224
"""T1003""","""Credential Dumping""","12,083",12083
"""T1053""","""Scheduled Task""","7,237",7237
"""T1093""","""Process Hollowing""","5,303",5303
"""T1130""","""Install Root Certificate""","4,865",4865
"""T1047""","""Windows Management Instrumentation""","2,744",2744
"""T1036""","""Masquerading""","2,425",2425
"""1210""","""Exploitation of Remote Services""","1,897",1897
"""T1003.002""","""Security Account Manager""","1,830",1830
"""T1073""","""DLL Side-Loading""","1,238",1238
"""T1059.001""","""PowerShell""","1,127",1127
"""T1059""","""Command-Line Interface""",875,875
"""T1546.001""","""Change Default File Association""",711,711
"""T1546.012""","""Image File Execution Options Injection""",658,658
"""T1016""","""System Network Configuration Discovery""",480,480
"""T1490""","""Inhibit System Recovery""",446,446
"""T1197""","""BITS""",434,434
"""T1546.011""","""Application Shimming""",407,407
"""T1086""","""PowerShell""",184,184
"""T1059.003""","""Windows Command Shell""",153,153
"""T1031""","""Modify Existing Service""",131,131
"""T1204""","""User Execution""",118,118
"""T1547.010""","""Boot or Logon Autostart Execution - Port Monitors""",113,113
"""T1218.002""","""rundll32.exe""",107,107
"""T1547.001""","""Registry Run Keys / Start Folder""",104,104
"""T1546.008""","""Windows Error Reporting""",89,89
"""T1027""","""Obfuscated Files or Information""",87,87
"""T1018""","""Remote System Discovery""",67,67
"""T1175""","""Component Object Model and Distributed COM""",51,51
"""T1218""","""Signed Binary Proxy Execution""",50,50
"""T1089""","""Drive-by Compromise""",47,47
"""T1099""","""Timestomp""",44,44
"""T1112""","""Modify Registry""",44,44
"""Port Monitors""","""Port Monitors""",39,39
"""T1117""","""Regsvr32""",25,25
"""T1202""","""Indirect Command Execution""",18,18
"""T1123""","""Audio Capture""",16,16
"""T1033""","""System Owner/User Discovery""",14,14
"""T1210""","""Exploitation of Remote Services""",11,11
"""T1557""","""Adversary-in-the-Middle""",10,10
"""T1218.010""","""Regsvr32""",9,9
"""T1064""","""Windows Scripting Host Component""",8,8
"""T1127""","""Trusted Developer Utilities Proxy Execution""",7,7
"""T1553.003""","""SIP and Trust Provider Hijacking""",6,6
"""T1070""","""Indicator Removal on Host""",6,6
"""T1063""","""Security Software Discovery""",5,5
"""T1218.011""","""Rundll32""",4,4
"""T1053""","""Scheduled Tasks""",4,4
"""T1003.004""","""LSASS Memory""",4,4
"""T1057""","""Process Discovery""",3,3
"""T1064""","""Scripting""",3,3
"""T1049""","""System Network Connections Discovery""",2,2
"""T1047""","""Windows Scheduled Tasks""",2,2
"""T1170""","""MSHTA with AMSI Bypass""",2,2
"""T1005""","""Data from Local System""",2,2
"""T1021.003""","""Distributed Component Object Model""",1,1
"""T1218""","""Trusted Binary Proxy Execution""",1,1
"""T1218""","""Office Signed Binary Proxy Execution""",1,1
"""T1021.002""","""SMB/Windows Admin Shares""",1,1
"""T""",,1,1
