campo,n_eventos_fmt,percentual,categoria,pm_core,ml_feature
RuleName,"49,470,758",99.11,mitre_label,false,false
rule_technique_name,"1,714,728",3.44,mitre_label,true,true
rule_technique_id,"1,713,709",3.43,mitre_label,true,true
RuleId,"16,444",0.03,mitre_label,false,false
tags,"2,232",0.0,mitre_label,false,false
rule_technique,134,0.0,mitre_label,false,false
process_id,"49,891,223",99.95,processo,false,false
process_path,"49,494,944",99.16,processo,false,true
process_name,"49,494,944",99.16,processo,true,true
process_guid,"49,445,112",99.06,processo,true,false
target_process_path,"9,970,343",19.97,processo,false,false
target_process_guid,"9,970,284",19.97,processo,true,false
target_process_id,"9,970,343",19.97,processo,false,false
target_process_name,"9,970,343",19.97,processo,false,false
SourceThreadId,"9,963,862",19.96,processo,false,false
GrantedAccess,"9,963,862",19.96,processo,false,true
CallTrace,"9,963,862",19.96,processo,false,true
process_parent_name,"38,027",0.08,processo,false,false
process_parent_path,"38,027",0.08,processo,false,false
process_parent_id,"36,769",0.07,processo,false,false
process_parent_guid,"36,769",0.07,processo,true,false
ParentCommandLine,"36,769",0.07,processo,false,false
IntegrityLevel,"36,769",0.07,processo,false,true
CurrentDirectory,"36,769",0.07,processo,false,false
CommandLine,"36,771",0.07,processo,true,true
NewThreadId,"6,422",0.01,processo,false,false
StartAddress,"6,422",0.01,processo,false,false
StartFunction,"6,422",0.01,processo,false,false
StartModule,"6,422",0.01,processo,false,false
ProcessCreationTime,"3,592",0.01,processo,false,false
meta_user_name_is_machine,"39,522,572",79.18,identidade,false,false
user_domain,"39,522,572",79.18,identidade,false,true
user_name,"39,522,572",79.18,identidade,true,true
user_account,"39,474,823",79.09,identidade,false,false
LogonGuid,"44,103",0.09,identidade,false,false
user_logon_id,"43,093",0.09,identidade,false,false
user_sid,"43,093",0.09,identidade,false,false
LogonId,"36,917",0.07,identidade,true,false
SubjectLogonId,"26,214",0.05,identidade,false,false
SubjectUserSid,"26,214",0.05,identidade,false,false
SubjectDomainName,"24,261",0.05,identidade,false,false
SubjectUserName,"24,261",0.05,identidade,false,false
logon_type,"16,880",0.03,identidade,false,true
TargetUserName,"16,308",0.03,identidade,false,false
TargetDomainName,"16,263",0.03,identidade,false,false
TargetUserSid,"8,367",0.02,identidade,false,false
TargetLogonId,"8,311",0.02,identidade,false,false
ElevatedToken,"6,009",0.01,identidade,false,false
ImpersonationLevel,"6,009",0.01,identidade,false,false
AuthenticationPackageName,"5,923",0.01,identidade,false,false
Protocol,"1,207,770",2.42,rede,false,false
DestinationPort,"1,197,989",2.4,rede,false,true
Initiated,"1,197,989",2.4,rede,false,false
src_ip_addr,"1,199,531",2.4,rede,false,true
src_ip_public,"1,199,531",2.4,rede,false,false
src_ip_rfc,"1,199,531",2.4,rede,false,false
SourceHostname,"1,197,989",2.4,rede,false,false
SourcePort,"1,197,989",2.4,rede,false,false
dst_ip_addr,"1,197,990",2.4,rede,false,true
dst_ip_public,"1,197,990",2.4,rede,false,false
dst_ip_rfc,"1,197,990",2.4,rede,false,false
DestinationHostname,"1,197,989",2.4,rede,false,false
PipeName,"414,628",0.83,rede,false,false
QueryName,"18,406",0.04,rede,false,false
QueryResults,"17,466",0.03,rede,false,false
QueryStatus,"17,466",0.03,rede,false,false
EventType,"36,442,162",73.01,arquivo_registro,false,false
TargetObject,"36,027,534",72.18,arquivo_registro,false,false
TargetFilename,"1,747,743",3.5,arquivo_registro,false,true
file_creation_time,"1,649,906",3.31,arquivo_registro,false,false
Details,"1,195,642",2.4,arquivo_registro,false,false
hash_imphash,"175,826",0.35,arquivo_registro,false,false
hash_md5,"175,826",0.35,arquivo_registro,false,true
hash_sha1,"175,826",0.35,arquivo_registro,false,false
hash_sha256,"175,826",0.35,arquivo_registro,false,true
file_previous_creation_time,"46,409",0.09,arquivo_registro,false,false
Signature,"41,222",0.08,arquivo_registro,false,false
ImageLoaded,"41,220",0.08,arquivo_registro,false,false
SignatureStatus,"41,220",0.08,arquivo_registro,false,false
Signed,"41,220",0.08,arquivo_registro,false,false
@timestamp,"49,914,325",100.0,tempo,true,false
event_original_time,"49,914,325",100.0,tempo,false,false
event_timezone,"49,454,457",99.08,tempo,false,false
event_recorded_time,"49,454,457",99.08,tempo,false,false
event_id,"49,914,325",100.0,evento_windows,true,true
level,"49,914,325",100.0,evento_windows,false,false
log_name,"49,914,325",100.0,evento_windows,false,false
record_number,"49,914,325",100.0,evento_windows,false,false
source_name,"49,914,325",100.0,evento_windows,false,false
task,"49,914,311",100.0,evento_windows,false,false
opcode,"49,911,075",99.99,evento_windows,false,false
version,"49,498,078",99.17,evento_windows,false,false
xml_name,"18,125",0.04,evento_windows,false,false
host_name,"49,914,325",100.0,host_sistema,true,true
beat_name,"49,914,324",100.0,host_sistema,false,false
beat_version,"49,914,325",100.0,host_sistema,false,false
provider_guid,"49,899,875",99.97,host_sistema,false,false
thread_id,"49,891,223",99.95,host_sistema,false,false
keywords,"333,385",0.67,host_sistema,false,false
activity_id,"99,185",0.2,host_sistema,false,false
type,"49,914,325",100.0,outros,false,false
SourceUser,"9,970,284",19.97,outros,false,false
TargetUser,"9,970,284",19.97,outros,false,false
DestinationPortName,"1,197,989",2.4,outros,false,false
src_ip_type,"1,199,531",2.4,outros,false,false
src_ip_version,"1,199,531",2.4,outros,false,false
SourceIsIpv6,"1,197,989",2.4,outros,false,false
src_is_ipv6,"1,199,531",2.4,outros,false,false
SourcePortName,"1,197,989",2.4,outros,false,false
dst_ip_type,"1,197,990",2.4,outros,false,false
dst_ip_version,"1,197,990",2.4,outros,false,false
dst_is_ipv6,"1,197,990",2.4,outros,false,false
DestinationIsIpv6,"1,197,989",2.4,outros,false,false
Message,"142,282",0.29,outros,false,false
Line Number,"141,093",0.28,outros,false,false
Source,"136,661",0.27,outros,false,false
Function,"136,409",0.27,outros,false,false
IsExecutable,"97,837",0.2,outros,false,false
Error Code,"94,122",0.19,outros,false,false
Archived,"95,305",0.19,outros,false,false
OriginalFileName,"68,786",0.14,outros,false,false
FileVersion,"68,786",0.14,outros,false,false
Company,"68,786",0.14,outros,false,false
Description,"68,832",0.14,outros,false,false
Product,"68,786",0.14,outros,false,false
TaskName,"61,577",0.12,outros,false,false
process_id_orig,"50,100",0.1,outros,false,false
CorrelationVector,"49,677",0.1,outros,false,false
object_handle_id,"41,025",0.08,outros,false,false
object_name,"41,024",0.08,outros,false,false
object_new_sd,"41,020",0.08,outros,false,false
object_server,"41,060",0.08,outros,false,false
object_type,"41,059",0.08,outros,false,false
ProductId,"37,099",0.07,outros,false,false
TerminalSessionId,"36,769",0.07,outros,false,false
ParentUser,"36,769",0.07,outros,false,false
object_old_sd,"30,997",0.06,outros,false,false
InstanceId,"18,440",0.04,outros,false,false
State Machine,"19,099",0.04,outros,false,false
State Machine Name,"19,099",0.04,outros,false,false
Thread ID,"19,099",0.04,outros,false,false
ActionName,"13,436",0.03,outros,false,false
ModifyingApplication,"16,461",0.03,outros,false,false
TaskInstanceId,"16,974",0.03,outros,false,false
ModifyingUser,"16,870",0.03,outros,false,false
ResultCode,"16,016",0.03,outros,false,false
Current State,"15,899",0.03,outros,false,false
UserContext,"14,570",0.03,outros,false,false
EnginePID,"14,143",0.03,outros,false,false
ClientMachine,"8,582",0.02,outros,false,false
RuleStatus,"9,589",0.02,outros,false,false
Id,"12,164",0.02,outros,false,false
ClientProcessId,"11,992",0.02,outros,false,false
Flags,"11,785",0.02,outros,false,false
Status,"7,586",0.02,outros,false,false
Event Name,"10,715",0.02,outros,false,false
Component,"8,430",0.02,outros,false,false
ErrorCode,"9,969",0.02,outros,false,false
ProcessID,"9,853",0.02,outros,false,false
Origin,"9,828",0.02,outros,false,false
SchemaVersion,"9,685",0.02,outros,false,false
Action,"9,611",0.02,outros,false,false
Profiles,"9,595",0.02,outros,false,false
Active,"9,589",0.02,outros,false,false
Direction,"9,589",0.02,outros,false,false
EdgeTraversal,"9,589",0.02,outros,false,false
LocalAddresses,"9,589",0.02,outros,false,false
LocalOnlyMapped,"9,589",0.02,outros,false,false
LooseSourceMapped,"9,589",0.02,outros,false,false
RemoteAddresses,"9,589",0.02,outros,false,false
PossibleCause,"8,822",0.02,outros,false,false
SecurityOptions,"9,589",0.02,outros,false,false
EmbeddedContext,"9,477",0.02,outros,false,false
User,"7,512",0.02,outros,false,false
Operation,"9,068",0.02,outros,false,false
UserName,"10,089",0.02,outros,false,false
AdapterGuid,"2,973",0.01,outros,false,false
name,"3,496",0.01,outros,false,false
updateTitle,"2,923",0.01,outros,false,false
PortNumber,"2,973",0.01,outros,false,false
PathID,"2,791",0.01,outros,false,false
TargetID,"2,791",0.01,outros,false,false
NameLength,"2,893",0.01,outros,false,false
LUN,"2,791",0.01,outros,false,false
DeviceInstanceId,"7,344",0.01,outros,false,false
updateGuid,"7,150",0.01,outros,false,false
updateRevisionNumber,"7,150",0.01,outros,false,false
TargetSid,"7,127",0.01,outros,false,false
CallerProcessId,"7,080",0.01,outros,false,false
CallerProcessName,"7,080",0.01,outros,false,false
Event,"2,737",0.01,outros,false,false
ClassDeviceGuid,"2,670",0.01,outros,false,false
Value,"3,105",0.01,outros,false,false
Problem,"2,945",0.01,outros,false,false
ClassGuid,"6,090",0.01,outros,false,false
KeyLength,"6,063",0.01,outros,false,false
LogonProcessName,"6,063",0.01,outros,false,false
ChannelName,"6,024",0.01,outros,false,false
MiniportName,"2,973",0.01,outros,false,false
SubscriberName,"2,634",0.01,outros,false,false
TargetLinkedLogonId,"6,009",0.01,outros,false,false
VirtualAccount,"6,009",0.01,outros,false,false
Path,"5,999",0.01,outros,false,false
BootDevice,"2,539",0.01,outros,false,false
Priority,"5,741",0.01,outros,false,false
DriverName,"5,522",0.01,outros,false,false
serviceGuid,"5,463",0.01,outros,false,false
PrivilegeList,"5,276",0.01,outros,false,false
meta_dst_ip_geo,"4,608",0.01,outros,false,false
New State,"4,498",0.01,outros,false,false
Name,"4,466",0.01,outros,false,false
bytesTransferred,"4,390",0.01,outros,false,false
bytesTransferredFromPeer,"4,390",0.01,outros,false,false
IsMachine,"4,389",0.01,outros,false,false
Type,"4,259",0.01,outros,false,false
Code,"3,991",0.01,outros,false,false
HostProcess,"3,978",0.01,outros,false,false
ProviderName,"3,978",0.01,outros,false,false
ProviderPath,"3,978",0.01,outros,false,false
InfoDescription,"3,770",0.01,outros,false,false
PackageFamilyName,"2,502",0.01,outros,false,false
ReturnCode,"3,589",0.01,outros,false,false
bytesTotal,"3,496",0.01,outros,false,false
fileLength,"3,496",0.01,outros,false,false
fileTime,"3,496",0.01,outros,false,false
KeysUpdated,"3,325",0.01,outros,false,false
transferId,"3,496",0.01,outros,false,false
url,"3,496",0.01,outros,false,false
CountOfCredentialsReturned,"3,489",0.01,outros,false,false
ReadOperation,"3,486",0.01,outros,false,false
TargetName,"3,486",0.01,outros,false,false
HiveName,"3,418",0.01,outros,false,false
HiveNameLength,"3,418",0.01,outros,false,false
AdapterName,"3,394",0.01,outros,false,false
AdapterSuffixName,"3,390",0.01,outros,false,false
DnsServerList,"3,390",0.01,outros,false,false
HostName,"3,390",0.01,outros,false,false
Ipaddress,"3,390",0.01,outros,false,false
Sent UpdateServer,"3,390",0.01,outros,false,false
DirtyPages,"3,325",0.01,outros,false,false
TunnelID,"6,354",0.01,outros,false,false
DeleteUnitCount,121,0.0,outros,false,false
JoinType,119,0.0,outros,false,false
NumberOfGPOsApplicable,119,0.0,outros,false,false
ReferenceAddress,122,0.0,outros,false,false
DisplayDriverName,121,0.0,outros,false,false
NumberOfGPOsDownloaded,119,0.0,outros,false,false
PolicyDownloadTimeElapsedInMilliseconds,119,0.0,outros,false,false
PolicyProcessingMode,119,0.0,outros,false,false
NewUnitCount,121,0.0,outros,false,false
TenantType,119,0.0,outros,false,false
CONSUMER,120,0.0,outros,false,false
ESS,120,0.0,outros,false,false
queryid,120,0.0,outros,false,false
Format,119,0.0,outros,false,false
GPODownloadTimeElapsedInMilliseconds,119,0.0,outros,false,false
Binary,"2,459",0.0,outros,false,false
InstallState,"2,453",0.0,outros,false,false
LicenseId,"2,448",0.0,outros,false,false
DriverProvider,"2,443",0.0,outros,false,false
DriverVersion,"2,443",0.0,outros,false,false
ServiceName,"2,387",0.0,outros,false,false
DeviceUpdated,"2,377",0.0,outros,false,false
DriverDate,"2,377",0.0,outros,false,false
DriverInbox,"2,377",0.0,outros,false,false
DriverRank,"2,377",0.0,outros,false,false
DriverSection,"2,377",0.0,outros,false,false
MatchingDeviceId,"2,377",0.0,outros,false,false
OperationDescription,"2,345",0.0,outros,false,false
PackageName,"2,279",0.0,outros,false,false
ParentDeviceInstanceId,"2,236",0.0,outros,false,false
GPOInfoList,119,0.0,outros,false,false
key_algorithm_name,"2,017",0.0,outros,false,false
key_name,"2,017",0.0,outros,false,false
key_operation,"2,017",0.0,outros,false,false
key_provider_name,"2,017",0.0,outros,false,false
key_return_code,"2,017",0.0,outros,false,false
key_type,"2,017",0.0,outros,false,false
jobId,"1,995",0.0,outros,false,false
MiniportEventDescription,"1,924",0.0,outros,false,false
MiniportEventId,"1,924",0.0,outros,false,false
Parameter1Name,"1,924",0.0,outros,false,false
Parameter1Value,"1,924",0.0,outros,false,false
Parameter2Name,"1,924",0.0,outros,false,false
Parameter2Value,"1,924",0.0,outros,false,false
AssociateId,"1,894",0.0,outros,false,false
Parameter3Name,"1,863",0.0,outros,false,false
Parameter3Value,"1,863",0.0,outros,false,false
Parameter4Name,"1,863",0.0,outros,false,false
Parameter4Value,"1,863",0.0,outros,false,false
IfIndex,"1,858",0.0,outros,false,false
Info,"1,812",0.0,outros,false,false
UserId,"1,792",0.0,outros,false,false
ServerName,"1,773",0.0,outros,false,false
Parameter5Name,"1,769",0.0,outros,false,false
Parameter5Value,"1,769",0.0,outros,false,false
Parameter6Name,"1,769",0.0,outros,false,false
Parameter6Value,"1,769",0.0,outros,false,false
Parameter7Name,"1,769",0.0,outros,false,false
Parameter7Value,"1,769",0.0,outros,false,false
Parameter8Name,"1,769",0.0,outros,false,false
Parameter8Value,"1,769",0.0,outros,false,false
AdditionalInfoHr,"1,742",0.0,outros,false,false
PeerContextInfo,"1,742",0.0,outros,false,false
bandwidthLimit,"1,742",0.0,outros,false,false
hr,"1,742",0.0,outros,false,false
ignoreBandwidthLimitsOnLan,"1,742",0.0,outros,false,false
peerProtocolFlags,"1,742",0.0,outros,false,false
DeviceName,"1,702",0.0,outros,false,false
Command,"1,679",0.0,outros,false,false
jobTitle,"1,630",0.0,outros,false,false
jobOwner,"1,629",0.0,outros,false,false
ComponentName,115,0.0,outros,false,false
IsAsyncProcessing,"1,618",0.0,outros,false,false
IsBackgroundProcessing,"1,618",0.0,outros,false,false
MessageNumber,"1,579",0.0,outros,false,false
MessageTotal,"1,579",0.0,outros,false,false
ScriptBlockId,"1,579",0.0,outros,false,false
ScriptBlockText,"1,579",0.0,outros,false,false
MethodName,"1,571",0.0,outros,false,false
src_original_value,"1,525",0.0,outros,false,false
Address,"1,520",0.0,outros,false,false
ServerNameLength,"1,461",0.0,outros,false,false
TokenElevationType,"1,455",0.0,outros,false,false
MandatoryLabel,"1,453",0.0,outros,false,false
fileCount,"1,393",0.0,outros,false,false
FinalStatus,"1,378",0.0,outros,false,false
DeviceNameLength,"1,377",0.0,outros,false,false
DeviceTime,"1,377",0.0,outros,false,false
DeviceVersionMajor,"1,377",0.0,outros,false,false
DeviceVersionMinor,"1,377",0.0,outros,false,false
hc_stateid,"1,327",0.0,outros,false,false
TargetInfo,"1,325",0.0,outros,false,false
TargetLogonGuid,"1,325",0.0,outros,false,false
TargetServerName,"1,325",0.0,outros,false,false
Reason,"1,319",0.0,outros,false,false
ErrorMessage,"1,291",0.0,outros,false,false
Process Name,"1,282",0.0,outros,false,false
IpPort,"1,193",0.0,outros,false,false
RetryMinutes,"1,178",0.0,outros,false,false
AddressLength,"1,174",0.0,outros,false,false
SessionId,"1,174",0.0,outros,false,false
OperationElaspedTimeInMilliSeconds,"1,171",0.0,outros,false,false
SessionID,"1,159",0.0,outros,false,false
DidWaitTimeout,114,0.0,outros,false,false
IsServiceRestart,"1,099",0.0,outros,false,false
ReasonCode,"1,096",0.0,outros,false,false
AppID,"1,060",0.0,outros,false,false
DomainNameLength,"1,039",0.0,outros,false,false
TransportName,"1,039",0.0,outros,false,false
TransportNameLength,"1,039",0.0,outros,false,false
WinlogonReturnTimeElapsedInMilliseconds,"1,037",0.0,outros,false,false
Build Name,"1,023",0.0,outros,false,false
Module Name,"1,023",0.0,outros,false,false
QueuedTaskInstanceId,"1,018",0.0,outros,false,false
DomainPeer,"1,006",0.0,outros,false,false
SessionTimeElapsedInMilliseconds,"1,006",0.0,outros,false,false
Workstation,"1,003",0.0,outros,false,false
Product Name,999,0.0,outros,false,false
NotificationType,984,0.0,outros,false,false
PrincipalSamName,983,0.0,outros,false,false
AuthRequired,967,0.0,outros,false,false
Created,967,0.0,outros,false,false
Expires,967,0.0,outros,false,false
HasAuthUrl,967,0.0,outros,false,false
HasEndAuthUrl,967,0.0,outros,false,false
HasFlowUrl,967,0.0,outros,false,false
RequestStatus,967,0.0,outros,false,false
ResourceURI,967,0.0,outros,false,false
TokenType,967,0.0,outros,false,false
string,961,0.0,outros,false,false
string2,961,0.0,outros,false,false
TickCount,936,0.0,outros,false,false
VendorId,928,0.0,outros,false,false
InterfaceGuid,914,0.0,outros,false,false
InterfaceName,914,0.0,outros,false,false
NewProfile,914,0.0,outros,false,false
OldProfile,914,0.0,outros,false,false
IsPolicyConfigured,114,0.0,outros,false,false
LastRunDateTime,848,0.0,outros,false,false
Version,846,0.0,outros,false,false
Namespace,826,0.0,outros,false,false
Target,809,0.0,outros,false,false
Product Version,805,0.0,outros,false,false
DomainName,795,0.0,outros,false,false
TransportFlags,795,0.0,outros,false,false
LineNumber,114,0.0,outros,false,false
BusType,776,0.0,outros,false,false
LastDeviceInstanceId,775,0.0,outros,false,false
MigrationRank,775,0.0,outros,false,false
Present,775,0.0,outros,false,false
key_file_path,773,0.0,outros,false,false
MaxTimeToWait,114,0.0,outros,false,false
CustomLevel,757,0.0,outros,false,false
Session,751,0.0,outros,false,false
ErrorDescription,746,0.0,outros,false,false
Provider,735,0.0,outros,false,false
process_creation_time,722,0.0,outros,false,false
KeyName,684,0.0,outros,false,false
updateCount,649,0.0,outros,false,false
ExtraInfoLength,647,0.0,outros,false,false
ExtraInfoString,647,0.0,outros,false,false
FilterID,647,0.0,outros,false,false
ProcessingMode,638,0.0,outros,false,false
ProcessingTimeInMilliseconds,638,0.0,outros,false,false
SupportInfo1,638,0.0,outros,false,false
SupportInfo2,638,0.0,outros,false,false
HRESULT,629,0.0,outros,false,false
File Name,623,0.0,outros,false,false
meta_src_ip_geo,623,0.0,outros,false,false
ConnectionName,610,0.0,outros,false,false
IsMachineBoot,606,0.0,outros,false,false
PID,603,0.0,outros,false,false
GpsvcInitTimeElapsedInMilliseconds,560,0.0,outros,false,false
OperationParameter1,560,0.0,outros,false,false
Member Name,554,0.0,outros,false,false
ClientAddressLength,547,0.0,outros,false,false
not_ip_src,547,0.0,outros,false,false
SerialNumber,531,0.0,outros,false,false
Capability,530,0.0,outros,false,false
ChangeType,530,0.0,outros,false,false
InterfaceIndex,530,0.0,outros,false,false
LinkSpeed,530,0.0,outros,false,false
NetName,530,0.0,outros,false,false
NetNameLength,530,0.0,outros,false,false
Hash,518,0.0,outros,false,false
Contents,511,0.0,outros,false,false
Port,504,0.0,outros,false,false
IsDomainJoined,493,0.0,outros,false,false
PolicyActivityId,493,0.0,outros,false,false
ReasonForSyncProcessing,493,0.0,outros,false,false
PolicyApplicationMode,492,0.0,outros,false,false
IsConnectivityFailure,490,0.0,outros,false,false
PolicyElaspedTimeInSeconds,490,0.0,outros,false,false
ImagePath,482,0.0,outros,false,false
ServiceType,482,0.0,outros,false,false
StartType,482,0.0,outros,false,false
ClientProcessStartKey,474,0.0,outros,false,false
processId,474,0.0,outros,false,false
listenerName,466,0.0,outros,false,false
TaskEngineName,465,0.0,outros,false,false
State,433,0.0,outros,false,false
OutrankedDrivers,425,0.0,outros,false,false
File,423,0.0,outros,false,false
NewAvgWaitTimeout,114,0.0,outros,false,false
PrevAvgWaitTimeout,114,0.0,outros,false,false
TimeWaitedAtStartup,114,0.0,outros,false,false
IoSize,402,0.0,outros,false,false
LBA,402,0.0,outros,false,false
QueueDepth,402,0.0,outros,false,false
RequestDuration_ms,402,0.0,outros,false,false
WaitDuration_ms,402,0.0,outros,false,false
SystemUptime_s,397,0.0,outros,false,false
Query,392,0.0,outros,false,false
ApplicationPath,389,0.0,outros,false,false
FileName,113,0.0,outros,false,false
VolumeName,375,0.0,outros,false,false
VolumeNameLength,375,0.0,outros,false,false
isRoaming,365,0.0,outros,false,false
jobName,365,0.0,outros,false,false
NewTime,360,0.0,outros,false,false
Domain,351,0.0,outros,false,false
SID,351,0.0,outros,false,false
WorkstationName,339,0.0,outros,false,false
ConnType,332,0.0,outros,false,false
InstanceID,332,0.0,outros,false,false
EntryCount,110,0.0,outros,false,false
port_src,332,0.0,outros,false,false
TransportType,330,0.0,outros,false,false
TransportProtocolName,328,0.0,outros,false,false
IdleSeconds,316,0.0,outros,false,false
IdleSeconds1,316,0.0,outros,false,false
IdleSeconds2,316,0.0,outros,false,false
AddSense,315,0.0,outros,false,false
AddSenseQ,315,0.0,outros,false,false
ScsiStatus,315,0.0,outros,false,false
SenseKey,315,0.0,outros,false,false
SrbStatus,315,0.0,outros,false,false
FailureReason,110,0.0,outros,false,false
DebugOutput,309,0.0,outros,false,false
Key,309,0.0,outros,false,false
ReasonString,309,0.0,outros,false,false
FunctionName,306,0.0,outros,false,false
NamespaceName,302,0.0,outros,false,false
Processid,302,0.0,outros,false,false
Group,284,0.0,outros,false,false
IdleImplementation,284,0.0,outros,false,false
IdleStateCount,284,0.0,outros,false,false
MaximumPerformancePercent,284,0.0,outros,false,false
MinimumPerformancePercent,284,0.0,outros,false,false
MinimumThrottlePercent,284,0.0,outros,false,false
NominalFrequency,284,0.0,outros,false,false
Number,284,0.0,outros,false,false
PerformanceImplementation,284,0.0,outros,false,false
IsBootVolume,283,0.0,outros,false,false
Param1,274,0.0,outros,false,false
binaryData,271,0.0,outros,false,false
binaryDataSize,271,0.0,outros,false,false
AdapterSerialNumber,262,0.0,outros,false,false
Error Description,261,0.0,outros,false,false
operationName,261,0.0,outros,false,false
Category ID,259,0.0,outros,false,false
Category Name,259,0.0,outros,false,false
Detection ID,259,0.0,outros,false,false
Engine Version,259,0.0,outros,false,false
FWLink,259,0.0,outros,false,false
Severity ID,259,0.0,outros,false,false
Severity Name,259,0.0,outros,false,false
Threat ID,259,0.0,outros,false,false
Threat Name,259,0.0,outros,false,false
Action ID,258,0.0,outros,false,false
Action Name,258,0.0,outros,false,false
Additional Actions ID,258,0.0,outros,false,false
Additional Actions String,258,0.0,outros,false,false
Detection Time,258,0.0,outros,false,false
Execution ID,258,0.0,outros,false,false
Execution Name,258,0.0,outros,false,false
Origin ID,258,0.0,outros,false,false
Origin Name,258,0.0,outros,false,false
Post Clean Status,258,0.0,outros,false,false
Pre Execution Status,258,0.0,outros,false,false
Source ID,258,0.0,outros,false,false
Source Name,258,0.0,outros,false,false
Status Code,258,0.0,outros,false,false
Type ID,258,0.0,outros,false,false
Type Name,258,0.0,outros,false,false
TargetOutboundDomainName,251,0.0,outros,false,false
TargetOutboundUserName,251,0.0,outros,false,false
ExitCode,246,0.0,outros,false,false
Configuration,244,0.0,outros,false,false
Error,242,0.0,outros,false,false
SettingType,239,0.0,outros,false,false
SettingValue,239,0.0,outros,false,false
SettingValueSize,239,0.0,outros,false,false
DescriptionString,238,0.0,outros,false,false
HighestFreeSpaceInBytes,237,0.0,outros,false,false
LocalName,237,0.0,outros,false,false
LowestFreeSpaceInBytes,237,0.0,outros,false,false
RemoteName,237,0.0,outros,false,false
VolumeGuid,237,0.0,outros,false,false
SettingValueDisplay,233,0.0,outros,false,false
Scenario,232,0.0,outros,false,false
TimeProviders,226,0.0,outros,false,false
ConnectionType,216,0.0,outros,false,false
StatusCode,209,0.0,outros,false,false
MajorType,207,0.0,outros,false,false
MinorType,207,0.0,outros,false,false
CorruptionActionState,203,0.0,outros,false,false
DriveName,203,0.0,outros,false,false
ExtraInfo,201,0.0,outros,false,false
LoadOptions,195,0.0,outros,false,false
Engine version,194,0.0,outros,false,false
Platform version,194,0.0,outros,false,false
LoggingMode,193,0.0,outros,false,false
SessionName,193,0.0,outros,false,false
DeviceInstanceID,192,0.0,outros,false,false
AccountName,189,0.0,outros,false,false
HierarchicalResetSuccessCount,188,0.0,outros,false,false
InstancePath,188,0.0,outros,false,false
SampledErrorLogArray,109,0.0,outros,false,false
ClockRate,107,0.0,outros,false,false
RestrictedAdminMode,104,0.0,outros,false,false
Identity,103,0.0,outros,false,false
ProductRevision,103,0.0,outros,false,false
Resource,103,0.0,outros,false,false
Schema,103,0.0,outros,false,false
SchemaFriendlyName,103,0.0,outros,false,false
AS security intelligence creation time,102,0.0,outros,false,false
AS security intelligence version,102,0.0,outros,false,false
AV security intelligence creation time,102,0.0,outros,false,false
SampledErrorLogArrayLength,188,0.0,outros,false,false
TimeoutsInMiniport,188,0.0,outros,false,false
AV security intelligence version,102,0.0,outros,false,false
TotalErrors,188,0.0,outros,false,false
TotalImpendingDeviceFailureErrors,188,0.0,outros,false,false
TotalReadWriteErrors,188,0.0,outros,false,false
UniqueErrorLogArray,188,0.0,outros,false,false
UniqueErrorLogArrayLength,188,0.0,outros,false,false
OldTime,184,0.0,outros,false,false
BM state,102,0.0,outros,false,false
RunningTaskInstanceId,181,0.0,outros,false,false
CurrentUtcOffset,180,0.0,outros,false,false
Enabled,180,0.0,outros,false,false
LeapSecondCount,180,0.0,outros,false,false
RuntimeStateAndSettingsConsistent,180,0.0,outros,false,false
TSId,180,0.0,outros,false,false
UserSid,180,0.0,outros,false,false
IOAV state,102,0.0,outros,false,false
IPVersion,176,0.0,outros,false,false
PreviousTime,176,0.0,outros,false,false
Detection User,173,0.0,outros,false,false
Previous Engine Version,172,0.0,outros,false,false
Update Type,172,0.0,outros,false,false
Update Type Index,172,0.0,outros,false,false
Last AS security intelligence age,102,0.0,outros,false,false
Last AV security intelligence age,102,0.0,outros,false,false
Last full scan age,102,0.0,outros,false,false
Last full scan end time,102,0.0,outros,false,false
Last full scan source,102,0.0,outros,false,false
Last full scan start time,102,0.0,outros,false,false
Last quick scan age,102,0.0,outros,false,false
Last quick scan end time,102,0.0,outros,false,false
Last quick scan source,102,0.0,outros,false,false
Last quick scan start time,102,0.0,outros,false,false
NRI engine version,102,0.0,outros,false,false
NRI security intelligence version,102,0.0,outros,false,false
OA state,102,0.0,outros,false,false
Product status,102,0.0,outros,false,false
RTP state,102,0.0,outros,false,false
UpperFilters,99,0.0,outros,false,false
New Value,97,0.0,outros,false,false
Remediation User,96,0.0,outros,false,false
Irp,94,0.0,outros,false,false
Srb,94,0.0,outros,false,false
IntendedPackageStateTextized,93,0.0,outros,false,false
NewSize,93,0.0,outros,false,false
OriginalSize,93,0.0,outros,false,false
Security intelligence version,92,0.0,outros,false,false
Url,90,0.0,outros,false,false
DeviceId,87,0.0,outros,false,false
Threshold_ms,87,0.0,outros,false,false
Position,82,0.0,outros,false,false
API,81,0.0,outros,false,false
CachedCopyStatus,81,0.0,outros,false,false
LKeyGenerationStatus,81,0.0,outros,false,false
Result,81,0.0,outros,false,false
SealingStatus,81,0.0,outros,false,false
UnsealingCachedCopyStatus,81,0.0,outros,false,false
InitialPackageState,75,0.0,outros,false,false
MachineEnvironment,74,0.0,outros,false,false
RequestType,74,0.0,outros,false,false
cid,74,0.0,outros,false,false
EventName,73,0.0,outros,false,false
NewSchemeGuid,72,0.0,outros,false,false
OldSchemeGuid,72,0.0,outros,false,false
FirmwareRevision,170,0.0,outros,false,false
HighLatencyIoCount,170,0.0,outros,false,false
IoLatencyBuckets,170,0.0,outros,false,false
IoTimeout_s,170,0.0,outros,false,false
MaxDeviceQueueCount,170,0.0,outros,false,false
MaxDeviceQueueIoWaitDuration_100ns,170,0.0,outros,false,false
MaxFlushLatency_100ns,170,0.0,outros,false,false
MaxOutstandingCount,170,0.0,outros,false,false
MaxReadWriteLatency_100ns,170,0.0,outros,false,false
MaxUnmapLatency_100ns,170,0.0,outros,false,false
ProcessPid,72,0.0,outros,false,false
BootAppStatus,71,0.0,outros,false,false
TotalIoCount,170,0.0,outros,false,false
TotalReadBytes,170,0.0,outros,false,false
TotalWriteBytes,170,0.0,outros,false,false
Current Engine Version,168,0.0,outros,false,false
TimezoneBiasHour,166,0.0,outros,false,false
Arguments,164,0.0,outros,false,false
LmPackageName,161,0.0,outros,false,false
errorCode,159,0.0,outros,false,false
UserNameLength,158,0.0,outros,false,false
LocalPorts,149,0.0,outros,false,false
RemotePorts,149,0.0,outros,false,false
Scan ID,149,0.0,outros,false,false
Scan Parameters,149,0.0,outros,false,false
Scan Parameters Index,149,0.0,outros,false,false
Scan Type,149,0.0,outros,false,false
Scan Type Index,149,0.0,outros,false,false
PrincipalNameLength,148,0.0,outros,false,false
SecurityStatus,148,0.0,outros,false,false
Length,144,0.0,outros,false,false
Old Value,144,0.0,outros,false,false
Owner,144,0.0,outros,false,false
RawData,144,0.0,outros,false,false
messageName,144,0.0,outros,false,false
AppliedGuids,142,0.0,outros,false,false
Config,142,0.0,outros,false,false
ErrorRecordFormat,142,0.0,outros,false,false
ErrorSourceCount,142,0.0,outros,false,false
ErrorSourceTable,142,0.0,outros,false,false
ErrorSourceTableLength,142,0.0,outros,false,false
IsTestConfig,142,0.0,outros,false,false
ShimCount,142,0.0,outros,false,false
ShimSource,142,0.0,outros,false,false
BitlockerUserInputTime,141,0.0,outros,false,false
PuaCount,140,0.0,outros,false,false
PuaPolicyId,140,0.0,outros,false,false
BootMenuPolicy,139,0.0,outros,false,false
StartTime,139,0.0,outros,false,false
BootMode,138,0.0,outros,false,false
BootType,138,0.0,outros,false,false
BuildVersion,138,0.0,outros,false,false
LastBootGood,138,0.0,outros,false,false
LastShutdownGood,138,0.0,outros,false,false
MajorVersion,138,0.0,outros,false,false
MinorVersion,138,0.0,outros,false,false
QfeVersion,138,0.0,outros,false,false
ServiceVersion,138,0.0,outros,false,false
VolumeCorrelationId,138,0.0,outros,false,false
FileNameBuffer,137,0.0,outros,false,false
FileNameLength,137,0.0,outros,false,false
Class,136,0.0,outros,false,false
AdvancedOptions,135,0.0,outros,false,false
ConfigAccessPolicy,135,0.0,outros,false,false
DisableIntegrityChecks,135,0.0,outros,false,false
FlightSigning,135,0.0,outros,false,false
HypervisorDebug,135,0.0,outros,false,false
HypervisorLaunchType,135,0.0,outros,false,false
HypervisorLoadOptions,135,0.0,outros,false,false
KernelDebug,135,0.0,outros,false,false
RemoteEventLogging,135,0.0,outros,false,false
TestSigning,135,0.0,outros,false,false
VsmLaunchType,135,0.0,outros,false,false
Previous Signature Version,134,0.0,outros,false,false
Security intelligence Version,134,0.0,outros,false,false
Signature Type,134,0.0,outros,false,false
Signature Type Index,134,0.0,outros,false,false
resourceUri,134,0.0,outros,false,false
InstanceName,131,0.0,outros,false,false
InstanceNameLength,131,0.0,outros,false,false
Current Signature Version,130,0.0,outros,false,false
Failure reason,130,0.0,outros,false,false
Filename,130,0.0,outros,false,false
SchemaType,130,0.0,outros,false,false
authFailureMessage,130,0.0,outros,false,false
LocalAddress,129,0.0,outros,false,false
RemoteAddress,129,0.0,outros,false,false
BugcheckCode,71,0.0,outros,false,false
error,128,0.0,outros,false,false
Client,127,0.0,outros,false,false
IntendedPackageState,127,0.0,outros,false,false
PackageIdentifier,127,0.0,outros,false,false
AddServiceStatus,126,0.0,outros,false,false
DriverFileName,126,0.0,outros,false,false
DwordVal,126,0.0,outros,false,false
PrimaryService,126,0.0,outros,false,false
UpdateService,126,0.0,outros,false,false
Signature Version,125,0.0,outros,false,false
LocalPath,124,0.0,outros,false,false
ProfileType,124,0.0,outros,false,false
CurrentBias,123,0.0,outros,false,false
CurrentTimeZoneID,123,0.0,outros,false,false
ExitReason,123,0.0,outros,false,false
FirstRefresh,123,0.0,outros,false,false
TimeZoneInfoCacheUpdated,123,0.0,outros,false,false
DeviceClass,122,0.0,outros,false,false
FailureAddress,122,0.0,outros,false,false
FlagSource,122,0.0,outros,false,false
InitState,122,0.0,outros,false,false
PowerButtonTimestamp,71,0.0,outros,false,false
SleepInProgress,71,0.0,outros,false,false
RmSessionId,70,0.0,outros,false,false
ThreadID,70,0.0,outros,false,false
AppId,68,0.0,outros,false,false
Engine up-to-date,68,0.0,outros,false,false
Latest engine version,68,0.0,outros,false,false
Latest platform version,68,0.0,outros,false,false
Platform up-to-date,68,0.0,outros,false,false
message_error,68,0.0,outros,false,false
Task,67,0.0,outros,false,false
DriverDescription,66,0.0,outros,false,false
Exception Details,66,0.0,outros,false,false
InstallStatus,66,0.0,outros,false,false
IsDriverOEM,66,0.0,outros,false,false
RebootOption,66,0.0,outros,false,false
SetupClass,66,0.0,outros,false,false
UpgradeDevice,66,0.0,outros,false,false
Win32Status,65,0.0,outros,false,false
NumMonitors,62,0.0,outros,false,false
xml,62,0.0,outros,false,false
CountNew,61,0.0,outros,false,false
CountOld,61,0.0,outros,false,false
CurrentTime(UTC),61,0.0,outros,false,false
Default SD String:,61,0.0,outros,false,false
EnabledNew,61,0.0,outros,false,false
Exemption,61,0.0,outros,false,false
MinimumPasswordLength,61,0.0,outros,false,false
MinimumPasswordLengthAudit,61,0.0,outros,false,false
RelaxMinimumPasswordLengthLimits,61,0.0,outros,false,false
Settings,61,0.0,outros,false,false
UpdateReason,61,0.0,outros,false,false
BootStatusPolicy,60,0.0,outros,false,false
EfiDaylightFlags,60,0.0,outros,false,false
EfiTimeZoneBias,60,0.0,outros,false,false
LastBootId,60,0.0,outros,false,false
EnableDisableReason,59,0.0,outros,false,false
VsmPolicy,59,0.0,outros,false,false
target_process_id_orig,59,0.0,outros,false,false
ContainsRawVolumes,58,0.0,outros,false,false
DiskIndex,58,0.0,outros,false,false
DiskNumber,58,0.0,outros,false,false
Epoch,58,0.0,outros,false,false
FileSystem,58,0.0,outros,false,false
ParentId,58,0.0,outros,false,false
PartitionStyle,58,0.0,outros,false,false
PrincipalName,58,0.0,outros,false,false
Size,58,0.0,outros,false,false
TotalDisks,58,0.0,outros,false,false
UTCStartTime,58,0.0,outros,false,false
VolumeCount,58,0.0,outros,false,false
MaxFileSize,57,0.0,outros,false,false
Scan Time Hours,56,0.0,outros,false,false
Scan Time Minutes,56,0.0,outros,false,false
Scan Time Seconds,56,0.0,outros,false,false
NewState,55,0.0,outros,false,false
NewStateName,55,0.0,outros,false,false
PreviousState,55,0.0,outros,false,false
PreviousStateName,55,0.0,outros,false,false
StateTransition,55,0.0,outros,false,false
Detail,54,0.0,outros,false,false
SubStatus,54,0.0,outros,false,false
ProcessCommandLine,52,0.0,outros,false,false
ProcessCommandLineLength,52,0.0,outros,false,false
ProcessPathLength,52,0.0,outros,false,false
AdditionalInformation,51,0.0,outros,false,false
CallingProcessCreateTime,50,0.0,outros,false,false
CallingProcessId,50,0.0,outros,false,false
CallingProcessProtection,50,0.0,outros,false,false
CallingProcessSectionSignatureLevel,50,0.0,outros,false,false
CallingProcessSignatureLevel,50,0.0,outros,false,false
CallingProcessStartKey,50,0.0,outros,false,false
CallingThreadCreateTime,50,0.0,outros,false,false
CallingThreadId,50,0.0,outros,false,false
CensusFlags,48,0.0,outros,false,false
DataVersion,48,0.0,outros,false,false
HealthStateFlags,48,0.0,outros,false,false
SecondsSinceBoot,48,0.0,outros,false,false
TrackingInfo,48,0.0,outros,false,false
AllNtpServers,47,0.0,outros,false,false
IFTSTMP,47,0.0,outros,false,false
DeviceNumber,46,0.0,outros,false,false
DriveId,46,0.0,outros,false,false
DriveManufacturer,46,0.0,outros,false,false
DriveModel,46,0.0,outros,false,false
DriveSerial,46,0.0,outros,false,false
GpsvcTimeElapsedInMilliseconds,46,0.0,outros,false,false
ID,46,0.0,outros,false,false
LastSuccessfulSyncTime,46,0.0,outros,false,false
LastSyncError,46,0.0,outros,false,false
LeapIndicator,46,0.0,outros,false,false
ListenerName,46,0.0,outros,false,false
PhaseOffset,46,0.0,outros,false,false
PollInterval,46,0.0,outros,false,false
PoolId,46,0.0,outros,false,false
Precision,46,0.0,outros,false,false
ReferenceId,46,0.0,outros,false,false
RootDelay,46,0.0,outros,false,false
RootDispersion,46,0.0,outros,false,false
ServerRole,46,0.0,outros,false,false
StateMachine,46,0.0,outros,false,false
Stratum,46,0.0,outros,false,false
TimeSinceLastGoodSync,46,0.0,outros,false,false
TimeSourceFlags,46,0.0,outros,false,false
AdapterSerialNumberLength,45,0.0,outros,false,false
CombinedDurationMs,45,0.0,outros,false,false
CountDeleteFile,45,0.0,outros,false,false
DeviceGuid,45,0.0,outros,false,false
DeviceSerialNumber,45,0.0,outros,false,false
DeviceSerialNumberLength,45,0.0,outros,false,false
EventProvider,45,0.0,outros,false,false
ProductIdLength,45,0.0,outros,false,false
ProductRevisionLength,45,0.0,outros,false,false
SecondsElapsed,45,0.0,outros,false,false
TotalCountDeleteFile,45,0.0,outros,false,false
TotalCountDeleteFileLogged,45,0.0,outros,false,false
VendorIdLength,45,0.0,outros,false,false
FromSize,44,0.0,outros,false,false
Stage1DurationMs,44,0.0,outros,false,false
Stage2DurationMs,44,0.0,outros,false,false
Stage3DurationMs,44,0.0,outros,false,false
ToSize,44,0.0,outros,false,false
VolumeSizeChangeOperation,44,0.0,outros,false,false
VolumeSizeChangeRequestType,44,0.0,outros,false,false
ShutdownActionType,42,0.0,outros,false,false
ShutdownEventCode,42,0.0,outros,false,false
ShutdownReason,42,0.0,outros,false,false
StopTime,42,0.0,outros,false,false
InitialPackageStateTextized,41,0.0,outros,false,false
ChildCommandLine,40,0.0,outros,false,false
ChildCommandLineLength,40,0.0,outros,false,false
ChildImagePathName,40,0.0,outros,false,false
ChildImagePathNameLength,40,0.0,outros,false,false
HResult,40,0.0,outros,false,false
CriticalWarning,39,0.0,outros,false,false
NvmeHealthLog,39,0.0,outros,false,false
NvmeHealthLogLength,39,0.0,outros,false,false
VendorSpecificLogLength,39,0.0,outros,false,false
VendorSpecificLogPageCode,39,0.0,outros,false,false
VendorSpecificLogPageVersion,39,0.0,outros,false,false
Current security intelligence Version,38,0.0,outros,false,false
Previous security intelligence Version,38,0.0,outros,false,false
Security intelligence Type,38,0.0,outros,false,false
Security intelligence Type Index,38,0.0,outros,false,false
HWAddress,33,0.0,outros,false,false
HWLength,33,0.0,outros,false,false
AADPrt,32,0.0,outros,false,false
DeviceIsJoined,32,0.0,outros,false,false
LogonCertRequired,32,0.0,outros,false,false
MachinePolicySource,32,0.0,outros,false,false
NgcHardwarePolicyMet,32,0.0,outros,false,false
NgcPolicyEnabled,32,0.0,outros,false,false
NgcPostLogonProvisioningEnabled,32,0.0,outros,false,false
UserIsRemote,32,0.0,outros,false,false
DUID,31,0.0,outros,false,false
DUIDLength,31,0.0,outros,false,false
DisplayName,31,0.0,outros,false,false
NewDUID,31,0.0,outros,false,false
NewDUIDLength,31,0.0,outros,false,false
NewHWAddress,31,0.0,outros,false,false
NewHWLength,31,0.0,outros,false,false
NewUacValue,30,0.0,outros,false,false
OldUacValue,30,0.0,outros,false,false
UserAccountControl,30,0.0,outros,false,false
Timestamp,29,0.0,outros,false,false
Folder,25,0.0,outros,false,false
LocalizedText,24,0.0,outros,false,false
MonitorHeight,24,0.0,outros,false,false
MonitorNum,24,0.0,outros,false,false
MonitorWidth,24,0.0,outros,false,false
MonitorX,24,0.0,outros,false,false
MonitorY,24,0.0,outros,false,false
TransactionId,22,0.0,outros,false,false
URL,22,0.0,outros,false,false
ExtOrUriScheme,21,0.0,outros,false,false
ProgId,21,0.0,outros,false,false
optionCode,21,0.0,outros,false,false
optionName,21,0.0,outros,false,false
optionValue,21,0.0,outros,false,false
Location,20,0.0,outros,false,false
AvcEnabled,19,0.0,outros,false,false
ClientMode,19,0.0,outros,false,false
Feature ID,19,0.0,outros,false,false
Feature Name,19,0.0,outros,false,false
ProfileIdNum,19,0.0,outros,false,false
Service,19,0.0,outros,false,false
AlertDesc,18,0.0,outros,false,false
StateName,18,0.0,outros,false,false
TreeId,18,0.0,outros,false,false
value,18,0.0,outros,false,false
ClientName,17,0.0,outros,false,false
ClientNameLength,17,0.0,outros,false,false
ConnectionGUID,17,0.0,outros,false,false
ErrorState,17,0.0,outros,false,false
Library,17,0.0,outros,false,false
SessionGUID,17,0.0,outros,false,false
TargetSession,16,0.0,outros,false,false
Turn,16,0.0,outros,false,false
AccountExpires,15,0.0,outros,false,false
FileList,15,0.0,outros,false,false
HomeDirectory,15,0.0,outros,false,false
HomePath,15,0.0,outros,false,false
Host OS Build number,15,0.0,outros,false,false
Host OS Major version,15,0.0,outros,false,false
Host OS Minor version,15,0.0,outros,false,false
Host OS Service pack major number,15,0.0,outros,false,false
Host OS Service pack minor number,15,0.0,outros,false,false
Installation choice,15,0.0,outros,false,false
LogonHours,15,0.0,outros,false,false
OSEditionID,15,0.0,outros,false,false
OSName,15,0.0,outros,false,false
OSbuildversion,15,0.0,outros,false,false
OSmajorversion,15,0.0,outros,false,false
OSminorversion,15,0.0,outros,false,false
OSservicepackmajorversion,15,0.0,outros,false,false
OSservicepackminorversion,15,0.0,outros,false,false
PasswordLastSet,15,0.0,outros,false,false
PrimaryGroupId,15,0.0,outros,false,false
ProfilePath,15,0.0,outros,false,false
SamAccountName,15,0.0,outros,false,false
ScriptPath,15,0.0,outros,false,false
Title,15,0.0,outros,false,false
UserParameters,15,0.0,outros,false,false
UserWorkstations,15,0.0,outros,false,false
Win32Error,15,0.0,outros,false,false
group_domain,15,0.0,outros,false,false
group_name,15,0.0,outros,false,false
group_sid,15,0.0,outros,false,false
meta_target_user_name_is_machine,15,0.0,outros,false,false
target_user_name,15,0.0,outros,false,false
target_user_sid,15,0.0,outros,false,false
ElapsedTimeMs,14,0.0,outros,false,false
LifetimeId,14,0.0,outros,false,false
ThreadId,14,0.0,outros,false,false
BugcheckInfoFromEFI,13,0.0,outros,false,false
Checkpoint,13,0.0,outros,false,false
CheckpointStatus,13,0.0,outros,false,false
ConnectedStandbyInProgress,13,0.0,outros,false,false
CsEntryScenarioInstanceId,13,0.0,outros,false,false
CsEntryScenarioInstanceIdV2,13,0.0,outros,false,false
EffectiveSid,13,0.0,outros,false,false
LongPowerButtonPressDetected,13,0.0,outros,false,false
SystemSleepTransitionsToOn,13,0.0,outros,false,false
InterfaceId,12,0.0,outros,false,false
ObjectNameLength,12,0.0,outros,false,false
RebootReasons,12,0.0,outros,false,false
ShareName,12,0.0,outros,false,false
ShareNameLength,12,0.0,outros,false,false
nApplications,12,0.0,outros,false,false
PolicyChange,11,0.0,outros,false,false
Store Type,11,0.0,outros,false,false
UnsynchronizedTimeSeconds,11,0.0,outros,false,false
TranslatedStatus,10,0.0,outros,false,false
ContextInfo,8,0.0,outros,false,false
Payload,8,0.0,outros,false,false
ActiveOperation,7,0.0,outros,false,false
ChannelPath,7,0.0,outros,false,false
CloudTgt,7,0.0,outros,false,false
DetectedBy,7,0.0,outros,false,false
FriendlyName,7,0.0,outros,false,false
RestartCount,7,0.0,outros,false,false
UseCloudTrust,7,0.0,outros,false,false
Caption,6,0.0,outros,false,false
SettingValueString,6,0.0,outros,false,false
PublisherGuid,5,0.0,outros,false,false
AbortSupported,4,0.0,outros,false,false
AvgFileLevelTrimSize,4,0.0,outros,false,false
AvgFileLevelTrimTime,4,0.0,outros,false,false
AvgVolumeTrimSize,4,0.0,outros,false,false
AvgVolumeTrimTime,4,0.0,outros,false,false
BitmapReadBytes,4,0.0,outros,false,false
BitmapReads,4,0.0,outros,false,false
BitmapWriteBytes,4,0.0,outros,false,false
BitmapWrites,4,0.0,outros,false,false
Cdb,4,0.0,outros,false,false
CdbLength,4,0.0,outros,false,false
DiskResourceFailure,4,0.0,outros,false,false
FailedIoCount,4,0.0,outros,false,false
FileLevelTrimCount,4,0.0,outros,false,false
FileLevelTrimSize,4,0.0,outros,false,false
FileLevelTrimTime,4,0.0,outros,false,false
IfGuid,4,0.0,outros,false,false
IfLuid,4,0.0,outros,false,false
LogFileReadBytes,4,0.0,outros,false,false
SystemTime,2,0.0,outros,false,false
LogFileWriteBytes,4,0.0,outros,false,false
LogFileWrites,4,0.0,outros,false,false
NumAttempts,1,0.0,outros,false,false
NumRootCauses,1,0.0,outros,false,false
Path Found,1,0.0,outros,false,false
Process ID,1,0.0,outros,false,false
ProfsvcPID,1,0.0,outros,false,false
ProtocolHostProcessID,1,0.0,outros,false,false
PublisherID,1,0.0,outros,false,false
ResourceName,1,0.0,outros,false,false
Signature ID,1,0.0,outros,false,false
Unused2,1,0.0,outros,false,false
WaitDurationMs,1,0.0,outros,false,false
action,1,0.0,outros,false,false
beat_hostname,1,0.0,outros,false,false
dst_host_name,1,0.0,outros,false,false
dst_port,1,0.0,outros,false,false
dst_port_name,1,0.0,outros,false,false
NtfsFillStatInfoFromMftRecordBailedBecauseOfAttributeListCount,4,0.0,outros,false,false
NtfsFillStatInfoFromMftRecordBailedBecauseOfNonResReparsePointCount,4,0.0,outros,false,false
NtfsFillStatInfoFromMftRecordCalledCount,4,0.0,outros,false,false
PsmKey,4,0.0,outros,false,false
ResetCount,4,0.0,outros,false,false
ResetReason,4,0.0,outros,false,false
ResetStatus,4,0.0,outros,false,false
ResetType,4,0.0,outros,false,false
RootIndexReadBytes,4,0.0,outros,false,false
RootIndexReads,4,0.0,outros,false,false
RootIndexWriteBytes,4,0.0,outros,false,false
LogFileReads,4,0.0,outros,false,false
Source Path,4,0.0,outros,false,false
SrbFunction,4,0.0,outros,false,false
SrbTimeout,4,0.0,outros,false,false
SuccessIoCount,4,0.0,outros,false,false
Update Source,4,0.0,outros,false,false
Update Source Index,4,0.0,outros,false,false
Update State,4,0.0,outros,false,false
Update State Index,4,0.0,outros,false,false
MaxDurationMs,1,0.0,outros,false,false
Method,1,0.0,outros,false,false
MinimumFxVersion,1,0.0,outros,false,false
MinorFunction,1,0.0,outros,false,false
fingerprint_network_community_id,1,0.0,outros,false,false
meta_user_reporter_name_is_machine,1,0.0,outros,false,false
network_initiated,1,0.0,outros,false,false
network_protocol,1,0.0,outros,false,false
number,1,0.0,outros,false,false
src_host_name,1,0.0,outros,false,false
src_port,1,0.0,outros,false,false
user_reporter_domain,1,0.0,outros,false,false
user_reporter_name,1,0.0,outros,false,false
user_reporter_sid,1,0.0,outros,false,false
user_reporter_type,1,0.0,outros,false,false
MaxRunspaces,3,0.0,outros,false,false
MinRunspaces,3,0.0,outros,false,false
connection,3,0.0,outros,false,false
shellId,3,0.0,outros,false,false
Address1,2,0.0,outros,false,false
Address2,2,0.0,outros,false,false
CacheState,2,0.0,outros,false,false
CorruptionId,2,0.0,outros,false,false
Failure Reason,2,0.0,outros,false,false
Hash Size,2,0.0,outros,false,false
ImageName,2,0.0,outros,false,false
ImageNameLength,2,0.0,outros,false,false
IssuerName,2,0.0,outros,false,false
IssuerNameLength,2,0.0,outros,false,false
IssuerTBSHash,2,0.0,outros,false,false
IssuerTBSHashSize,2,0.0,outros,false,false
Kind,2,0.0,outros,false,false
NotValidAfter,2,0.0,outros,false,false
NotValidBefore,2,0.0,outros,false,false
ObjectCount,2,0.0,outros,false,false
PageHash,2,0.0,outros,false,false
PipelineId,2,0.0,outros,false,false
PolicyBits,2,0.0,outros,false,false
ProcessCreateTime,2,0.0,outros,false,false
ProcessNameBuffer,2,0.0,outros,false,false
ProcessNameLength,2,0.0,outros,false,false
ProcessProtection,2,0.0,outros,false,false
ProcessSectionSignatureLevel,2,0.0,outros,false,false
ProcessSignatureLevel,2,0.0,outros,false,false
ProcessStartKey,2,0.0,outros,false,false
PublisherName,2,0.0,outros,false,false
PublisherNameLength,2,0.0,outros,false,false
PublisherTBSHash,2,0.0,outros,false,false
PublisherTBSHashSize,2,0.0,outros,false,false
RequestedPolicy,2,0.0,outros,false,false
RequiredSignatureLevel,2,0.0,outros,false,false
SignatureLevel,2,0.0,outros,false,false
SignatureType,2,0.0,outros,false,false
Stage,2,0.0,outros,false,false
MajorFunction,1,0.0,outros,false,false
TargetThreadCreateTime,2,0.0,outros,false,false
TargetThreadId,2,0.0,outros,false,false
TotalSignatureCount,2,0.0,outros,false,false
ValidatedPolicy,2,0.0,outros,false,false
ValidatedSigningLevel,2,0.0,outros,false,false
VerificationError,2,0.0,outros,false,false
commandId,2,0.0,outros,false,false
AutoTriggered,1,0.0,outros,false,false
CallerId,1,0.0,outros,false,false
ControlCode,1,0.0,outros,false,false
Detection Origin,1,0.0,outros,false,false
Detection Origin Index,1,0.0,outros,false,false
Detection Source,1,0.0,outros,false,false
Detection Source Index,1,0.0,outros,false,false
Detection Type,1,0.0,outros,false,false
Detection Type Index,1,0.0,outros,false,false
DetectionOnly,1,0.0,outros,false,false
EndTime,1,0.0,outros,false,false
EventID,1,0.0,outros,false,false
Execution Status,1,0.0,outros,false,false
Execution Status Index,1,0.0,outros,false,false
FidelityLabel,1,0.0,outros,false,false
FidelityValue,1,0.0,outros,false,false
FilterHostProcessID,1,0.0,outros,false,false
HoldDurationMs,1,0.0,outros,false,false
InterferingImageName,1,0.0,outros,false,false
InterferingPID,1,0.0,outros,false,false
LaunchType,1,0.0,outros,false,false
RootIndexWrites,4,0.0,outros,false,false
etl_pipeline,"49,914,325",100.0,etl_infraestrutura,false,false
z_elastic_ecs,"49,914,325",100.0,etl_infraestrutura,false,false
@version,"49,914,325",100.0,etl_infraestrutura,false,false
etl_processed_time,"49,913,942",100.0,etl_infraestrutura,false,false
etl_version,"49,913,942",100.0,etl_infraestrutura,false,false
event_original_message,"49,913,942",100.0,etl_infraestrutura,false,false
etl_host_agent_ephemeral_uid,"49,914,325",100.0,etl_infraestrutura,false,false
etl_host_agent_type,"49,914,325",100.0,etl_infraestrutura,false,false
etl_host_agent_uid,"49,914,325",100.0,etl_infraestrutura,false,false
z_logstash_pipeline,"3,615",0.01,etl_infraestrutura,false,false
etl_kafka_offset,1,0.0,etl_infraestrutura,false,false
etl_kafka_partition,1,0.0,etl_infraestrutura,false,false
etl_kafka_time,1,0.0,etl_infraestrutura,false,false
etl_kafka_topic,1,0.0,etl_infraestrutura,false,false
param1,"20,409",0.04,ruido_hardware,false,false
param2,"18,868",0.04,ruido_hardware,false,false
param3,"11,224",0.02,ruido_hardware,false,false
param4,"9,365",0.02,ruido_hardware,false,false
param5,"8,665",0.02,ruido_hardware,false,false
param6,"8,311",0.02,ruido_hardware,false,false
BucketIoFailed6,170,0.0,ruido_hardware,false,false
BucketIoSuccess4,170,0.0,ruido_hardware,false,false
param9,905,0.0,ruido_hardware,false,false
param10,780,0.0,ruido_hardware,false,false
param11,768,0.0,ruido_hardware,false,false
param19,416,0.0,ruido_hardware,false,false
param20,416,0.0,ruido_hardware,false,false
param21,416,0.0,ruido_hardware,false,false
param16,386,0.0,ruido_hardware,false,false
param17,332,0.0,ruido_hardware,false,false
param12,313,0.0,ruido_hardware,false,false
LastError_AddSense,188,0.0,ruido_hardware,false,false
LastError_AddSenseQ,188,0.0,ruido_hardware,false,false
param14,109,0.0,ruido_hardware,false,false
LastError_Command,188,0.0,ruido_hardware,false,false
LastError_IoSize,188,0.0,ruido_hardware,false,false
LastError_LBA,188,0.0,ruido_hardware,false,false
LastError_QueueDepth,188,0.0,ruido_hardware,false,false
LastError_RequestDuration_ms,188,0.0,ruido_hardware,false,false
param8,"1,157",0.0,ruido_hardware,false,false
LastError_SenseKey,188,0.0,ruido_hardware,false,false
LastError_SrbStatus,188,0.0,ruido_hardware,false,false
LastError_WaitDuration_ms,188,0.0,ruido_hardware,false,false
TotalDeviceFailureErrors,188,0.0,ruido_hardware,false,false
param23,183,0.0,ruido_hardware,false,false
param13,179,0.0,ruido_hardware,false,false
BucketIoFailed1,170,0.0,ruido_hardware,false,false
BucketIoFailed10,170,0.0,ruido_hardware,false,false
BucketIoFailed11,170,0.0,ruido_hardware,false,false
BucketIoFailed12,170,0.0,ruido_hardware,false,false
BucketIoFailed2,170,0.0,ruido_hardware,false,false
BucketIoFailed3,170,0.0,ruido_hardware,false,false
BucketIoFailed4,170,0.0,ruido_hardware,false,false
BucketIoFailed5,170,0.0,ruido_hardware,false,false
param7,"1,625",0.0,ruido_hardware,false,false
BucketIoFailed7,170,0.0,ruido_hardware,false,false
BucketIoFailed8,170,0.0,ruido_hardware,false,false
BucketIoFailed9,170,0.0,ruido_hardware,false,false
BucketIoLatency10_100ns,170,0.0,ruido_hardware,false,false
BucketIoLatency11_100ns,170,0.0,ruido_hardware,false,false
BucketIoLatency12_100ns,170,0.0,ruido_hardware,false,false
BucketIoLatency1_100ns,170,0.0,ruido_hardware,false,false
BucketIoLatency2_100ns,170,0.0,ruido_hardware,false,false
BucketIoLatency3_100ns,170,0.0,ruido_hardware,false,false
BucketIoLatency4_100ns,170,0.0,ruido_hardware,false,false
BucketIoLatency5_100ns,170,0.0,ruido_hardware,false,false
BucketIoLatency6_100ns,170,0.0,ruido_hardware,false,false
BucketIoLatency7_100ns,170,0.0,ruido_hardware,false,false
BucketIoLatency8_100ns,170,0.0,ruido_hardware,false,false
BucketIoLatency9_100ns,170,0.0,ruido_hardware,false,false
BucketIoSuccess1,170,0.0,ruido_hardware,false,false
BucketIoSuccess10,170,0.0,ruido_hardware,false,false
param15,89,0.0,ruido_hardware,false,false
BucketIoSuccess11,170,0.0,ruido_hardware,false,false
BucketIoSuccess12,170,0.0,ruido_hardware,false,false
BucketIoSuccess2,170,0.0,ruido_hardware,false,false
BucketIoSuccess3,170,0.0,ruido_hardware,false,false
BugcheckParameter4,71,0.0,ruido_hardware,false,false
BucketIoSuccess5,170,0.0,ruido_hardware,false,false
BucketIoSuccess6,170,0.0,ruido_hardware,false,false
BucketIoSuccess7,170,0.0,ruido_hardware,false,false
BucketIoSuccess8,170,0.0,ruido_hardware,false,false
BucketIoSuccess9,170,0.0,ruido_hardware,false,false
DeviceQueueIoBusyCount,170,0.0,ruido_hardware,false,false
DeviceQueueIoPausedCount,170,0.0,ruido_hardware,false,false
DeviceQueueIoPausedForUntaggedCount,170,0.0,ruido_hardware,false,false
DeviceQueueIoUntaggedCommandOutstandingCount,170,0.0,ruido_hardware,false,false
DeviceQueueIoWaitExceededTimeoutCount,170,0.0,ruido_hardware,false,false
TotalDeviceQueueIoCount,170,0.0,ruido_hardware,false,false
TotalDeviceQueueIoWaitDuration_100ns,170,0.0,ruido_hardware,false,false
param22,129,0.0,ruido_hardware,false,false
BugcheckParameter1,71,0.0,ruido_hardware,false,false
BugcheckParameter2,71,0.0,ruido_hardware,false,false
BugcheckParameter3,71,0.0,ruido_hardware,false,false
LastError_ScsiStatus,188,0.0,ruido_hardware,false,false
LogFileFull,4,0.0,ruido_hardware,false,false
LogFileFullReasonBucket1,4,0.0,ruido_hardware,false,false
LogFileFullReasonBucket10,4,0.0,ruido_hardware,false,false
LogFileFullReasonBucket11,4,0.0,ruido_hardware,false,false
LogFileFullReasonBucket12,4,0.0,ruido_hardware,false,false
LogFileFullReasonBucket13,4,0.0,ruido_hardware,false,false
LogFileFullReasonBucket14,4,0.0,ruido_hardware,false,false
LogFileFullReasonBucket15,4,0.0,ruido_hardware,false,false
LogFileFullReasonBucket2,4,0.0,ruido_hardware,false,false
LogFileFullReasonBucket3,4,0.0,ruido_hardware,false,false
LogFileFullReasonBucket4,4,0.0,ruido_hardware,false,false
LogFileFullReasonBucket5,4,0.0,ruido_hardware,false,false
LogFileFullReasonBucket6,4,0.0,ruido_hardware,false,false
LogFileFullReasonBucket7,4,0.0,ruido_hardware,false,false
LogFileFullReasonBucket8,4,0.0,ruido_hardware,false,false
LogFileFullReasonBucket9,4,0.0,ruido_hardware,false,false
MetaDataDiskReads,4,0.0,ruido_hardware,false,false
UserIndexWriteBytes,4,0.0,ruido_hardware,false,false
MetaDataReadBytes,4,0.0,ruido_hardware,false,false
MetaDataReads,4,0.0,ruido_hardware,false,false
MetaDataWriteBytes,4,0.0,ruido_hardware,false,false
MetaDataWrites,4,0.0,ruido_hardware,false,false
Mft2WriteBytes,4,0.0,ruido_hardware,false,false
Mft2Writes,4,0.0,ruido_hardware,false,false
MetaDataDiskWrites,4,0.0,ruido_hardware,false,false
MftBitmapReads,4,0.0,ruido_hardware,false,false
MftBitmapWriteBytes,4,0.0,ruido_hardware,false,false
MftBitmapWrites,4,0.0,ruido_hardware,false,false
MftReadBytes,4,0.0,ruido_hardware,false,false
MftReads,4,0.0,ruido_hardware,false,false
MftWriteBytes,4,0.0,ruido_hardware,false,false
MftWrites,4,0.0,ruido_hardware,false,false
UserDiskReads,4,0.0,ruido_hardware,false,false
UserDiskWrites,4,0.0,ruido_hardware,false,false
UserFileReadBytes,4,0.0,ruido_hardware,false,false
UserFileReads,4,0.0,ruido_hardware,false,false
UserFileWriteBytes,4,0.0,ruido_hardware,false,false
UserFileWrites,4,0.0,ruido_hardware,false,false
UserIndexReadBytes,4,0.0,ruido_hardware,false,false
UserIndexReads,4,0.0,ruido_hardware,false,false
VolumeTrimTime,4,0.0,ruido_hardware,false,false
UserIndexWrites,4,0.0,ruido_hardware,false,false
VolumeTrimCount,4,0.0,ruido_hardware,false,false
VolumeTrimSize,4,0.0,ruido_hardware,false,false
VolumeTrimSkippedCount,4,0.0,ruido_hardware,false,false
VolumeTrimSkippedSize,4,0.0,ruido_hardware,false,false
MftBitmapReadBytes,4,0.0,ruido_hardware,false,false
